Workbook

Sheet 📊 DASHBOARD
A2: 💧 ΔΕΛΤΙΟ ΝΕΡΟΥ | ΚΥΠΡΟΣ
A3: Εβδομαδιαία Έκθεση Υδάτινης Κατάστασης • 5 Οκτωβρίου 2026 – 12 Οκτωβρίου 2026
B6: 🏞️ ΠΛΗΡΟΤΗΤΑ ΣΗΜΕΡΑ | D6: 📅 ΠΕΡΣΙ ΤΗΝ ΙΔΙΑ ΕΒΔΟΜΑΔΑ | F6: 📈 ΣΥΓΚΡΙΣΗ ΜΕ ΠΡΟΗΓΟΥΜΕΝΟ ΕΤΟΣ | H6: 💦 ΑΠΟΘΗΚΕΥΜΕΝΟ ΝΕΡΟ ΕΚΜ
B7: =G20 -> 0.35326887 | D7: 0.117 | F7: =B7/D7 -> 3.019392 | H7: =F20 -> 102.732
B12: 🏗️ ΚΑΤΑΣΤΑΣΗ ΦΡΑΓΜΑΤΩΝ – 12 ΟΚκτωβρίου 2026
B13: ΦΡΑΓΜΑ | C13: ΧΩΡΗΤ. (ΕΚΜ) | D13: ΕΙΣΡΟΗ (ΕΚΜ) | E13: ΕΚΡΟΗ (ΕΚΜ) | F13: ΑΠΟΘΕΜΑ (ΕΚΜ) | G13: ΠΛΗΡΟΤΗΤΑ | H13: ΚΑΤΑΣΤΑΣΗ | I13: ΟΠΤΙΚΗ ΠΛΗΡΟΤΗΤΑ
B14: Κούρης | C14: 115 | D14: 0.107 | E14: 0.435 | F14: 42.278 | G14: =F14/C14 -> 0.36763478 | H14: ⚠️ Μέτρια | I14: =G14 -> 0.36763478
B15: Ασπρόκρεμμος | C15: 52.375 | D15: 0.005 | E15: 0.185 | F15: 18.604 | G15: =F15/C15 -> 0.35520764 | H15: ⚠️ Μέτρια | I15: =G15 -> 0.35520764
B16: Κανναβιού | C16: 17.168 | D16: 0.016 | E16: 0.077 | F16: 7.205 | G16: =F16/C16 -> 0.41967614 | H16: ⚠️ Μέτρια | I16: =G16 -> 0.41967614
B17: Καλαβασός | C17: 17.1 | D17: 0.005 | E17: 0.014 | F17: 3.707 | G17: =F17/C17 -> 0.21678363 | H17: 🔴 Χαμηλή | I17: =G17 -> 0.21678363
B18: Διπόταμος | C18: 15.5 | D18: 0 | E18: 0.135 | F18: 3.85 | G18: =F18/C18 -> 0.2483871 | H18: ⚠️ Μέτρια | I18: =G18 -> 0.2483871
B19: Λεύκαρα | C19: 13.85 | D19: 0.002 | E19: 0 | F19: 2.395 | G19: =F19/C19 -> 0.17292419 | H19: 🔴 Χαμηλή | I19: =G19 -> 0.17292419
B20: ΠΑΓΚΥΠΡΙΑ ΣΥΝΟΛΑ | C20: 290.804 | D20: 0.239 | E20: 1.029 | F20: 102.732 | G20: =F20/C20 -> 0.35326887
B22: 🏭 ΠΑΡΑΓΩΓΗ ΠΟΣΙΜΟΥ ΝΕΡΟΥ – 5 Οκτωβρίου 2026 – 12 Οκτωβρίου 2026
B23: 🏗️ ΔΙΥΛΙΣΤΗΡΙΑ | D23: 🌊 ΑΦΑΛΑΤΩΣΕΙΣ
B24: Διυλιστήριο Τερσεφάνου | C24: 206200 | D24: Αφαλάτωση Δεκέλειας | F24: =(388550+387998)/2 -> 388274
B25: Διυλιστήριο Κόρνου | C25: 136683 | D25: Αφαλάτωση Βασιλικού | F25: =(398028+397054)/2 -> 397541
B26: Διυλιστήριο Λεμεσού | C26: 164979 | D26: Αφαλάτωση Επισκοπής | F26: =(263610+270190)/2 -> 266900
B27: Διυλιστήριο Ασπρόκρεμμου | C27: 153100 | D27: Αφαλάτωση Λάρνακας | F27: =(357715+357695)/2 -> 357705
B28: Διυλιστήριο Κανναβιού | C28: 45400 | D28: Αφαλάτωση Πάφου | F28: 134150
D29: Αφαλάτωση Μονής | F29: =(84257+84608)/2 -> 84432.5
D30: Αφαλάτωση Κισσόνεργας | F30: =(66084+66024)/2 -> 66054
D31: Αφαλάτωση Λιμάνι Λεμεσού | F31: =(63093+64069)/2 -> 63581
B32: ΣΥΝΟΛΟ ΔΙΥΛΙΣΤΗΡΙΩΝ | C32: =SUM(C24:C28) -> 706362 | D32: ΣΥΝΟΛΟ ΑΦΑΛΑΤΩΣΕΩΝ | F32: =SUM(F24:F31) -> 1758637.5
B33: 🏆 ΣΥΝΟΛΙΚΗ ΠΑΡΑΓΩΓΗ | D33: =C32+F32 -> 2464999.5
B35: 🔍 ΚΥΡΙΑ ΣΥΜΠΕΡΑΣΜΑΤΑ
B36: 📈 ΙΣΤΟΡΙΚΑ ΥΨΗΛΗ ΠΛΗΡΟΤΗΤΑ
B37: Τα φράγματα της Κύπρου βρίσκονται στο 35.3% – Αύξηση 275% σε σχέση με την ίδια εβδομάδα του 2025 (13.4%).
B38: 🏆 ΚΑΝΝΑΒΙΟΥ – ΠΡΩΤΟ ΣΕ ΠΛΗΡΟΤΗΤΑ
B39: Το φράγμα Κανναβιού υπερβαίνει το 42%, αποτελώντας το πληρέστερο μεγάλο φράγμα της Κύπρου.
B40: ⚠️ ΛΕΥΚΑΡΑ – ΧΑΜΗΛΗ ΑΠΟΘΕΣΗ
B41: Το φράγμα Λεύκαρα παραμένει στο 17.3% – η χαμηλότερη πληρότητα μεταξύ των 6 μεγαλύτερων φραγμάτων.
B42: 🌊 ΑΦΑΛΑΤΩΣΕΙΣ – ΚΥΡΙΑ ΠΗΓΗ ΝΕΡΟΥ
B43: Οι αφαλατώσεις παρέχουν το 71,3% (2,465, εκ. ΚΜ) της συνολικής παραγωγής πόσιμου νερού της εβδομάδας.
B45: Πηγή: Τμήμα Αναπτύξεως Υδάτων (ΤΑΥ) – Κυπριακή Δημοκρατία | Αναφορά: Ιούλιος 2026

Sheet 📋 ΔΕΔΟΜΕΝΑ ΦΡΑΓΜΑΤΩΝ
A1: ΔΕΛΤΙΟ ΝΕΡΟΥ – 6 ΜΕΓΑΛΥΤΕΡΑ ΦΡΑΓΜΑΤΑ ΚΥΠΡΟΥ
A2: Αποθηκευμένη Ποσότητα & Κινήσεις | 27 Ιουλίου 2026
A3: Α/Α | B3: ΦΡΑΓΜΑ | C3: ΧΩΡΗΤΙΚΟΤΗΤΑ (ΕΚΜ) | D3: ΕΙΣΡΟΗ 8-15/6 (ΕΚΜ) | E3: ΕΚΡΟΗ 8-15/6 (ΕΚΜ) | F3: ΑΠΟΘΕΜΑ 15/6 (ΕΚΜ) | G3: ΠΟΣΟΣΤΟ ΠΛΗΡΟΤΗΤΑΣ
A4: 1 | B4: Κούρης | C4: 115 | D4: ='📊 DASHBOARD'!D14 -> 0.107 | E4: ='📊 DASHBOARD'!E14 -> 0.435 | F4: ='📊 DASHBOARD'!F14 -> 42.278 | G4: =F4/C4 -> 0.36763478
A5: 2 | B5: Ασπρόκρεμμος | C5: 52.375 | D5: ='📊 DASHBOARD'!D15 -> 0.005 | E5: ='📊 DASHBOARD'!E15 -> 0.185 | F5: ='📊 DASHBOARD'!F15 -> 18.604 | G5: =F5/C5 -> 0.35520764
A6: 3 | B6: Κανναβιού | C6: 17.168 | D6: ='📊 DASHBOARD'!D16 -> 0.016 | E6: ='📊 DASHBOARD'!E16 -> 0.077 | F6: ='📊 DASHBOARD'!F16 -> 7.205 | G6: =F6/C6 -> 0.41967614
A7: 4 | B7: Καλαβασός | C7: 17.1 | D7: ='📊 DASHBOARD'!D17 -> 0.005 | E7: ='📊 DASHBOARD'!E17 -> 0.014 | F7: ='📊 DASHBOARD'!F17 -> 3.707 | G7: =F7/C7 -> 0.21678363
A8: 5 | B8: Διπόταμος | C8: 15.5 | D8: ='📊 DASHBOARD'!D18 -> 0 | E8: ='📊 DASHBOARD'!E18 -> 0.135 | F8: ='📊 DASHBOARD'!F18 -> 3.85 | G8: =F8/C8 -> 0.2483871
A9: 6 | B9: Λεύκαρα | C9: 13.85 | D9: ='📊 DASHBOARD'!D19 -> 0.002 | E9: ='📊 DASHBOARD'!E19 -> 0 | F9: ='📊 DASHBOARD'!F19 -> 2.395 | G9: =F9/C9 -> 0.17292419
A10: ΣΥΝΟΛΟ | C10: =SUM(C4:C9) -> 230.993 | D10: =SUM(D4:D9) -> 0.135 | E10: =SUM(E4:E9) -> 0.846 | F10: =SUM(F4:F9) -> 78.039 | G10: =F10/C10 -> 0.33784141
A14: Φράγμα | B14: Απόθεμα (ΕΚΜ) | C14: Χωρητικότητα (ΕΚΜ)
A15: Κούρης | B15: 48.154 | C15: 115
A16: Ασπρόκρεμμος | B16: 21.88 | C16: 52.375
A17: Κανναβιού | B17: 8.955 | C17: 17.168
A18: Καλαβασός | B18: 4.213 | C18: 17.1
A19: Διπόταμος | B19: 5.894 | C19: 15.5
A20: Λεύκαρα | B20: 2.558 | C20: 13.85

Sheet 💧 ΠΗΓΕΣ ΥΔΡΕΥΣΗΣ
A1: ΠΑΡΑΓΩΓΗ ΠΟΣΙΜΟΥ ΝΕΡΟΥ | 20 –27 Ιουλίου 2026
A2: Διυλιστήρια & Αφαλατώσεις • Τμήμα Αναπτύξεως Υδάτων (ΤΑΥ)
B3: 🏗️ ΔΙΥΛΙΣΤΗΡΙΑ | E3: 🌊 ΑΦΑΛΑΤΩΣΕΙΣ
B4: ΕΓΚΑΤΑΣΤΑΣΗ | C4: ΠΑΡΑΓΩΓΗ (ΚΜ) | E4: ΕΓΚΑΤΑΣΤΑΣΗ | F4: ΠΑΡΑΓΩΓΗ (ΚΜ)
B5: Διυλιστήριο Τερσεφάνου | C5: ='📊 DASHBOARD'!C24 -> 206200 | E5: Αφαλάτωση Δεκέλειας | F5: ='📊 DASHBOARD'!F24 -> 388274
B6: Διυλιστήριο Κόρνου | C6: ='📊 DASHBOARD'!C25 -> 136683 | E6: Αφαλάτωση Βασιλικού | F6: ='📊 DASHBOARD'!F25 -> 397541
B7: Διυλιστήριο Λεμεσού | C7: ='📊 DASHBOARD'!C26 -> 164979 | E7: Αφαλάτωση Επισκοπής | F7: ='📊 DASHBOARD'!F26 -> 266900
B8: Διυλιστήριο Ασπρόκρεμμου | C8: ='📊 DASHBOARD'!C27 -> 153100 | E8: Αφαλάτωση Λάρνακας | F8: ='📊 DASHBOARD'!F27 -> 357705
B9: Διυλιστήριο Κανναβιού | C9: ='📊 DASHBOARD'!C28 -> 45400 | E9: Αφαλάτωση Πάφου | F9: ='📊 DASHBOARD'!F28 -> 134150
E10: Αφαλάτωση Μονής | F10: ='📊 DASHBOARD'!F29 -> 84432.5
E11: Αφαλάτωση Κισσόνεργας | F11: ='📊 DASHBOARD'!F30 -> 66054
E12: Αφαλάτωση Λιμάνι Λεμεσού | F12: ='📊 DASHBOARD'!F31 -> 63581
B13: ΣΥΝΟΛΟ ΔΙΥΛΙΣΤΗΡΙΩΝ | C13: =SUM(C5:C9) -> 706362 | E13: ΣΥΝΟΛΟ ΑΦΑΛΑΤΩΣΕΩΝ | F13: =SUM(F5:F12) -> 1758637.5
B14: ΣΥΝΟΛΙΚΗ ΕΒΔΟΜΑΔΙΑΙΑ ΠΑΡΑΓΩΓΗ | D14: =C13+F13 -> 2464999.5
B17: Κατηγορία | C17: Παραγωγή (ΚΜ)
B18: Αφαλατώσεις | C18: =F13 -> 1758637.5
B19: Διυλιστήρια | C19: =C13 -> 706362
