Workbook

Sheet DAILY-ELEV-STR(1)
L1: MAJOR DAMS STORAGE | X1: W.D.D. | AK1: MAJOR DAMS ELEVATION | AS1: W.D.D.
M2: APR 2026 | X2: O&M Division | AP2: 539,50 O/F | AS2: O&M Division
D3: STORAGE | AB3: =M2 -> APR 2026 | AE3: ELEVATION | AG3: 17.5 | AL3: 22.74 | AP3: 511.3 | AV3: =AB3 -> APR 2026 | BB3: 318 | BI3: AREA | BK3: M^2
C4: DAMS | D4: KOURIS | E4: ASPROKR. | F4: EVRETOU | G4: KANNAV. | H4: KALAVAS. | I4: LEFKARA | J4: DHYPOT. | K4: GERMAS. | L4: ARMINOU | M4: AKHNA | N4: POLEM. | O4: MAVROK. | P4: VYZAKIA | Q4: XYL. | R4: ARGAKA | S4: POMOS | T4: KALOP. | U4: AY.MAR. | V4: TOTAL | W4: TOTAL | X4: CHANGE | Y4: LOSSES(-) | AC4: DAMS | AD4: KOURIS | AE4: ASPROKR. | AF4: EVRETOU | AG4: KALAVAS. | AH4: LEFKARA | AI4: DHYPOT. | AJ4: GERMAS. | AK4: ARMINOU | AL4: AKHNA | AM4: POLEM. | AN4: MAVROK. | AO4: VYZAKIA | AP4: XYL. | AQ4: ARGAKA | AR4: POMOS | AS4: KALOP. | AT4: AY.MAR. | AV4: KANNAVIOU 17,168 | AX4: TAMASOS 2,8 | AZ4: KLIROU 2,0 | BB4: SOLEA 4,454 | BE4: INFLOWS OCTOBER 2015 | BJ4: DAMS | BK4: KOURIS | BL4: ASPROKR. | BM4: EVRETOU | BN4: KALAVAS. | BO4: LEFKARA | BP4: DHYPOT. | BQ4: YERMAS. | BR4: ARMINOU | BS4: AKHNA | BT4: POLEM. | BU4: MAVROK. | BV4: VYZAKIA | BW4: XYL. | BX4: ARGAKA | BY4: POMOS | BZ4: KALOP. | CA4: AY.MAR.
B5: DATE | C5: CAPA- | D5: 115 | E5: 52.375 | F5: 24 | G5: 17.168 | H5: 17.1 | I5: 13.85 | J5: 15.5 | K5: 13.5 | L5: 4.3 | M5: 6.8 | N5: 3.4 | O5: 2.18 | P5: 1.69 | Q5: 1.43 | R5: 0.99 | S5: 0.86 | T5: 0.363 | U5: 0.298 | V5: MCM | W5: SCP | X5: OF | Y5: INFLOW(+) | AB5: DATE | AC5: CAPA- | AD5: 115 | AE5: 52.375 | AF5: 24 | AG5: 17.1 | AH5: 13.85 | AI5: 15.5 | AJ5: 13.5 | AK5: 4.3 | AL5: 6.8 | AM5: 3.4 | AN5: 2.18 | AO5: 1.69 | AP5: 1.43 | AQ5: 0.99 | AR5: 0.86 | AS5: 0.363 | AT5: 0.298 | AV5: Elev. | AW5: STOR. | AX5: Elev. | AY5: STOR. | AZ5: Elev. | BA5: STOR. | BB5: Elev. | BC5: STOR. | BI5: DATE | BJ5: CAPA- | BK5: 115 | BL5: 52.375 | BM5: 24 | BN5: 17.1 | BO5: 13.8 | BP5: 15.5 | BQ5: 13.5 | BR5: 4.3 | BS5: 6.8 | BT5: 3.4 | BU5: 2.18 | BV5: 1.69 | BW5: 1.43 | BX5: 0.99 | BY5: 0.86 | BZ5: 0.363 | CA5: 0.298
C6: CITY | X6: STORAGE | Y6: DISCR.- | AC6: CITY | BE6: Kannaviou | BF6: Tamasos | BG6: Klirou | BH6: solea | BJ6: CITY
B8: 1 | C8: W | D8: =ROUND(IF(AD8<205,SUM(-320030000,6636771*AD8,-46046*AD8^2,106.62*AD8^3),SUM(91660160,1216002*AD8,-22168*AD8^2,71.366*AD8^3))/1000000,3) -> 34.078 | E8: =ROUND((6669048.41-363409.186*AE8-307.876*AE8^2+152.3398*AE8^3)/1000000,3) -> 17.999 | F8: =ROUND((-98334930.2+3037042.21*AF8-30615.40767*AF8^2+101.23056*AF8^3)/1000000,3) -> 9.662 | G8: =AW8 -> 7.658 | H8: =ROUND((-174502023+4277428*AG8-35009.373*AG8^2+95.58911*AG8^3)/1000000-0.096,3) -> 1.964 | I8: =ROUND(IF(AH8<318,SUM(3.5242*AH8^2-2140.3*AH8+325031)/1000,SUM(70242780-813889.6*AH8+7928.716*AH8^2-35.20719*AH8^3+0.05082853*AH8^4)/1000000)-0.059,3) -> 1.926 | J8: =ROUND((-442650826+9751516.3*AI8-72042.8986*AI8^2+178.4049*AI8^3)/1000000,3)-0.071 -> 4.455 | K8: =ROUND(((4827852-139329.3*AJ8+2797.9*AJ8^2-98.98*AJ8^3+1.14*AJ8^4)/1000000),3)-0.05 -> 4.673 | L8: =ROUND((IF(AK8<424,SUM(5064.49*AK8^2-4133655.98*AK8+843517073.2),(7938.48*AK8^2-6579376.11*AK8+1363834719.7)))/1000000,3) -> 1.474 | M8: =ROUND((-8532018+1417757*AL8-72752.08*AL8^2+1191.92*AL8^3)/1000000,3) -> 0.143 | N8: =ROUND((-98293225+2791565*AM8-26671.1*AM8^2+85.56608*AM8^3)/1000000,3)-0.001 -> 1.695 | O8: =ROUND((-5101113+342273.3*AN8-5950.34*AN8^2+30.97425*AN8^3)/1000000,3)-0 -> 1.73 | P8: =ROUND((352562346-2208805*AO8+3459.655*AO8^2)/1000000,3)-0 -> 1.074 | Q8: =ROUND((426242189-1669663*AP8+1635.186*AP8^2)/1000000,3)+0.033 -> 1.43 | R8: =ROUND((2823894-25900.1*AQ8-1177.84*AQ8^2+13.979*AQ8^3)/1000000,3)-0.005 -> 0.99 | S8: =ROUND((-11518534+483790.5*AR8-6823.11*AR8^2+32.24883*AR8^3)/1000000,3)+0 -> 0.86 | T8: =ROUND((406066983-1465679*AS8+1322.517*AS8^2)/1000000,3)-0.001 -> 0.363 | U8: =ROUND((-13395930+388944*AT8-3702.68*AT8^2+11.59891*AT8^3)/1000000,3)-0 -> 0.298 | V8: =SUM(D8:U8) -> 92.472 | W8: =D8+H8+I8+J8+K8+L8+N8+M8 -> 50.408 | AB8: =B8 -> 1 | AC8: =C8 -> W | AD8: 212.66 | AE8: 61.05 | AF8: 149.46 | AG8: 150.2 | AH8: 326.77 | AI8: 161.17 | AJ8: 75.54 | AK8: 424.92 | AL8: =$AL$3+3.94 -> 26.68 | AM8: 129.15 | AN8: 109.7 | AO8: 336.75 | AP8: 539.5 | AQ8: 88.49 | AR8: 99.79 | AS8: 571.1 | AT8: 139.6 | AV8: 400.63 | AW8: 7.658 | AX8: 404.95 | AY8: 2.785 | AZ8: 397.8 | BA8: 2 | BB8: 359.5 | BC8: =(2261.87*BB8^2-1423337.72*BB8+223819398.05)/1000000 -> 4.454132 | BI8: 1 | BK8: =-4552010+77862.43*AD8-528.064*AD8^2+1.3857*AD8^3 -> 1451726 | BL8: =-3210651+145404.1*AE8-2052.163*AE8^2+14.3568*AE8^3 -> 1284388.1 | BM8: =IF(BK8<140,-737886.6-3612.887*AF8+84.47319*AF8^2,7040924-115283.7*AF8+485.2715*AF8^2) -> 650758.47 | BN8: =4001977-66502.13*AG8+275.558*AG8^2 -> 229956.58 | BO8: =12256870-84903.96*AH8+146.7551*AH8^2 -> 183111.94 | BP8: =9095248-135970.3*AI8+510.0572*AI8^2 -> 430042.7 | BQ8: =IF(BO8<73.2,-180.3+3.1*AJ8,312.46-10.83*AJ8+0.098*AJ8^2)*10000 -> 535783.77 | BR8: =(219.28*AK8^2-173172.2*AK8+34168761.89) -> 176971.03 | BS8: =5190570-498758.9*AL8+14528.53*AL8^2-112.5*AL8^3 -> 88880.707 | BT8: =(207.86-3.07416*AM8+0.00297*AM8^2+0.000073*AM8^3)*10000 -> 176266.02 | BU8: =(412.37-12.56*AN8+0.12278*AN8^2-0.000376*AN8^3)*10000 -> 157110.53 | BV8: =(5708324-41094.23*AO8+72.7745*AO8^2) -> 122511.28 | BW8: =(1307.749-5.30998*AP8+0.005386*AP8^2)*10000 -> 106652.97 | BX8: =(33.36079-1.57235*AQ8+0.020673*AQ8^2-0.000067*AQ8^3)*10000 -> 96774.683 | BY8: =(-106.619+3.872392*AR8-0.0491*AR8^2+0.000219*AR8^3)*10000 -> 84902.277 | BZ8: =(-2923.33+10.10447*AS8-0.00872*AS8^2)*10000 -> 32593.858 | CA8: =(149.6647-3.26844*AT8+0.02264*AT8^2-0.000048*AT8^3)*10000 -> 40161.559
B9: 2 | C9: T | D9: =ROUND(IF(AD9<205,SUM(-320030000,6636771*AD9,-46046*AD9^2,106.62*AD9^3),SUM(91660160,1216002*AD9,-22168*AD9^2,71.366*AD9^3))/1000000,3) -> 34.447 | E9: =ROUND((6669048.41-363409.186*AE9-307.876*AE9^2+152.3398*AE9^3)/1000000,3) -> 18.155 | F9: =ROUND((-98334930.2+3037042.21*AF9-30615.40767*AF9^2+101.23056*AF9^3)/1000000,3) -> 9.756 | G9: =AW9 -> 7.737 | H9: =ROUND((-174502023+4277428*AG9-35009.373*AG9^2+95.58911*AG9^3)/1000000-0.096,3) -> 2.034 | I9: =ROUND(IF(AH9<318,SUM(3.5242*AH9^2-2140.3*AH9+325031)/1000,SUM(70242780-813889.6*AH9+7928.716*AH9^2-35.20719*AH9^3+0.05082853*AH9^4)/1000000)-0.059,3) -> 1.944 | J9: =ROUND((-442650826+9751516.3*AI9-72042.8986*AI9^2+178.4049*AI9^3)/1000000,3)-0.071 -> 4.507 | K9: =ROUND(((4827852-139329.3*AJ9+2797.9*AJ9^2-98.98*AJ9^3+1.14*AJ9^4)/1000000),3)-0.05 -> 4.796 | L9: =ROUND((IF(AK9<424,SUM(5064.49*AK9^2-4133655.98*AK9+843517073.2),(7938.48*AK9^2-6579376.11*AK9+1363834719.7)))/1000000,3) -> 1.51 | M9: =ROUND((-8532018+1417757*AL9-72752.08*AL9^2+1191.92*AL9^3)/1000000,3) -> 0.143 | N9: =ROUND((-98293225+2791565*AM9-26671.1*AM9^2+85.56608*AM9^3)/1000000,3)-0 -> 1.733 | O9: =ROUND((-5101113+342273.3*AN9-5950.34*AN9^2+30.97425*AN9^3)/1000000,3)-0 -> 1.734 | P9: =ROUND((352562346-2208805*AO9+3459.655*AO9^2)/1000000,3)-0 -> 1.105 | Q9: =ROUND((426242189-1669663*AP9+1635.186*AP9^2)/1000000,3)+0.033 -> 1.43 | R9: =ROUND((2823894-25900.1*AQ9-1177.84*AQ9^2+13.979*AQ9^3)/1000000,3)-0.005 -> 0.99 | S9: =ROUND((-11518534+483790.5*AR9-6823.11*AR9^2+32.24883*AR9^3)/1000000,3)+0 -> 0.86 | T9: =ROUND((406066983-1465679*AS9+1322.517*AS9^2)/1000000,3)-0.001 -> 0.363 | U9: =ROUND((-13395930+388944*AT9-3702.68*AT9^2+11.59891*AT9^3)/1000000,3)-0 -> 0.298 | V9: =SUM(D9:U9) -> 93.542 | W9: =D9+H9+I9+J9+K9+L9+N9+M9 -> 51.114 | AB9: =B9 -> 2 | AC9: =C9 -> T | AD9: 212.91 | AE9: 61.17 | AF9: 149.6 | AG9: 150.5 | AH9: 326.87 | AI9: 161.29 | AJ9: 75.76 | AK9: 425.13 | AL9: =$AL$3+3.94 -> 26.68 | AM9: 129.35 | AN9: 109.73 | AO9: 337 | AP9: 539.5 | AQ9: 88.49 | AR9: 99.79 | AS9: 571.1 | AT9: 139.6 | AV9: 400.78 | AW9: 7.737 | AX9: 405 | AY9: 2.8 | AZ9: 397.8 | BA9: 2 | BB9: 359.5 | BC9: =(2261.87*BB9^2-1423337.72*BB9+223819398.05)/1000000 -> 4.454132 | BI9: 2 | BK9: =-4552010+77862.43*AD9-528.064*AD9^2+1.3857*AD9^3 -> 1462065.3 | BL9: =-3210651+145404.1*AE9-2052.163*AE9^2+14.3568*AE9^3 -> 1291040 | BM9: =IF(BK9<140,-737886.6-3612.887*AF9+84.47319*AF9^2,7040924-115283.7*AF9+485.2715*AF9^2) -> 654936.29 | BN9: =4001977-66502.13*AG9+275.558*AG9^2 -> 234864.02 | BO9: =12256870-84903.96*AH9+146.7551*AH9^2 -> 184214.04 | BP9: =9095248-135970.3*AI9+510.0572*AI9^2 -> 433463.03 | BQ9: =IF(BO9<73.2,-180.3+3.1*AJ9,312.46-10.83*AJ9+0.098*AJ9^2)*10000 -> 544578.05 | BR9: =(219.28*AK9^2-173172.2*AK9+34168761.89) -> 179748.65 | BS9: =5190570-498758.9*AL9+14528.53*AL9^2-112.5*AL9^3 -> 88880.707 | BT9: =(207.86-3.07416*AM9+0.00297*AM9^2+0.000073*AM9^3)*10000 -> 178970.22 | BU9: =(412.37-12.56*AN9+0.12278*AN9^2-0.000376*AN9^3)*10000 -> 157351.57 | BV9: =(5708324-41094.23*AO9+72.7745*AO9^2) -> 124495.68 | BW9: =(1307.749-5.30998*AP9+0.005386*AP9^2)*10000 -> 106652.97 | BX9: =(33.36079-1.57235*AQ9+0.020673*AQ9^2-0.000067*AQ9^3)*10000 -> 96774.683 | BY9: =(-106.619+3.872392*AR9-0.0491*AR9^2+0.000219*AR9^3)*10000 -> 84902.277 | BZ9: =(-2923.33+10.10447*AS9-0.00872*AS9^2)*10000 -> 32593.858 | CA9: =(149.6647-3.26844*AT9+0.02264*AT9^2-0.000048*AT9^3)*10000 -> 40161.559
B10: 3 | C10: F | D10: =ROUND(IF(AD10<205,SUM(-320030000,6636771*AD10,-46046*AD10^2,106.62*AD10^3),SUM(91660160,1216002*AD10,-22168*AD10^2,71.366*AD10^3))/1000000,3) -> 35.014 | E10: =ROUND((6669048.41-363409.186*AE10-307.876*AE10^2+152.3398*AE10^3)/1000000,3) -> 18.3 | F10: =ROUND((-98334930.2+3037042.21*AF10-30615.40767*AF10^2+101.23056*AF10^3)/1000000,3) -> 9.83 | G10: =AW10 -> 7.779 | H10: =ROUND((-174502023+4277428*AG10-35009.373*AG10^2+95.58911*AG10^3)/1000000-0.096,3) -> 2.166 | I10: =ROUND(IF(AH10<318,SUM(3.5242*AH10^2-2140.3*AH10+325031)/1000,SUM(70242780-813889.6*AH10+7928.716*AH10^2-35.20719*AH10^3+0.05082853*AH10^4)/1000000)-0.059,3) -> 2.019 | J10: =ROUND((-442650826+9751516.3*AI10-72042.8986*AI10^2+178.4049*AI10^3)/1000000,3)-0.071 -> 4.604 | K10: =ROUND(((4827852-139329.3*AJ10+2797.9*AJ10^2-98.98*AJ10^3+1.14*AJ10^4)/1000000),3)-0.05 -> 5.077 | L10: =ROUND((IF(AK10<424,SUM(5064.49*AK10^2-4133655.98*AK10+843517073.2),(7938.48*AK10^2-6579376.11*AK10+1363834719.7)))/1000000,3) -> 1.574 | M10: =ROUND((-8532018+1417757*AL10-72752.08*AL10^2+1191.92*AL10^3)/1000000,3) -> 0.143 | N10: =ROUND((-98293225+2791565*AM10-26671.1*AM10^2+85.56608*AM10^3)/1000000,3)-0 -> 1.75 | O10: =ROUND((-5101113+342273.3*AN10-5950.34*AN10^2+30.97425*AN10^3)/1000000,3)-0 -> 1.75 | P10: =ROUND((352562346-2208805*AO10+3459.655*AO10^2)/1000000,3)-0 -> 1.142 | Q10: =ROUND((426242189-1669663*AP10+1635.186*AP10^2)/1000000,3)+0.033 -> 1.43 | R10: =ROUND((2823894-25900.1*AQ10-1177.84*AQ10^2+13.979*AQ10^3)/1000000,3)-0.005 -> 0.99 | S10: =ROUND((-11518534+483790.5*AR10-6823.11*AR10^2+32.24883*AR10^3)/1000000,3)+0 -> 0.86 | T10: =ROUND((406066983-1465679*AS10+1322.517*AS10^2)/1000000,3)-0.001 -> 0.363 | U10: =ROUND((-13395930+388944*AT10-3702.68*AT10^2+11.59891*AT10^3)/1000000,3)-0 -> 0.298 | V10: =SUM(D10:U10) -> 95.089 | W10: =D10+H10+I10+J10+K10+L10+N10+M10 -> 52.347 | AB10: =B10 -> 3 | AC10: =C10 -> F | AD10: 213.29 | AE10: 61.28 | AF10: 149.71 | AG10: 151.05 | AH10: 327.27 | AI10: 161.51 | AJ10: 76.25 | AK10: 425.5 | AL10: =$AL$3+3.94 -> 26.68 | AM10: 129.44 | AN10: 109.83 | AO10: 337.3 | AP10: 539.5 | AQ10: 88.49 | AR10: 99.79 | AS10: 571.1 | AT10: 139.6 | AV10: 400.86 | AW10: 7.779 | AX10: 405 | AY10: 2.8 | AZ10: 397.8 | BA10: 2 | BB10: 359.5 | BC10: =(2261.87*BB10^2-1423337.72*BB10+223819398.05)/1000000 -> 4.454132 | BI10: 3 | BK10: =-4552010+77862.43*AD10-528.064*AD10^2+1.3857*AD10^3 -> 1477866.5 | BL10: =-3210651+145404.1*AE10-2052.163*AE10^2+14.3568*AE10^3 -> 1297152.3 | BM10: =IF(BK10<140,-737886.6-3612.887*AF10+84.47319*AF10^2,7040924-115283.7*AF10+485.2715*AF10^2) -> 658232.21 | BN10: =4001977-66502.13*AG10+275.558*AG10^2 -> 243989.84 | BO10: =12256870-84903.96*AH10+146.7551*AH10^2 -> 188651.81 | BP10: =9095248-135970.3*AI10+510.0572*AI10^2 -> 439771.79 | BQ10: =IF(BO10<73.2,-180.3+3.1*AJ10,312.46-10.83*AJ10+0.098*AJ10^2)*10000 -> 564506.25 | BR10: =(219.28*AK10^2-173172.2*AK10+34168761.89) -> 184689.61 | BS10: =5190570-498758.9*AL10+14528.53*AL10^2-112.5*AL10^3 -> 88880.707 | BT10: =(207.86-3.07416*AM10+0.00297*AM10^2+0.000073*AM10^3)*10000 -> 180195.28 | BU10: =(412.37-12.56*AN10+0.12278*AN10^2-0.000376*AN10^3)*10000 -> 158154.88 | BV10: =(5708324-41094.23*AO10+72.7745*AO10^2) -> 126888.97 | BW10: =(1307.749-5.30998*AP10+0.005386*AP10^2)*10000 -> 106652.97 | BX10: =(33.36079-1.57235*AQ10+0.020673*AQ10^2-0.000067*AQ10^3)*10000 -> 96774.683 | BY10: =(-106.619+3.872392*AR10-0.0491*AR10^2+0.000219*AR10^3)*10000 -> 84902.277 | BZ10: =(-2923.33+10.10447*AS10-0.00872*AS10^2)*10000 -> 32593.858 | CA10: =(149.6647-3.26844*AT10+0.02264*AT10^2-0.000048*AT10^3)*10000 -> 40161.559
B11: 4 | C11: S | AB11: =B11 -> 4 | AC11: =C11 -> S | BI11: 4 | BK11: =-4552010+77862.43*AD11-528.064*AD11^2+1.3857*AD11^3 -> -4552010 | BL11: =-3210651+145404.1*AE11-2052.163*AE11^2+14.3568*AE11^3 -> -3210651 | BM11: =IF(BK11<140,-737886.6-3612.887*AF11+84.47319*AF11^2,7040924-115283.7*AF11+485.2715*AF11^2) -> -737886.6 | BN11: =4001977-66502.13*AG11+275.558*AG11^2 -> 4001977 | BO11: =12256870-84903.96*AH11+146.7551*AH11^2 -> 12256870 | BP11: =9095248-135970.3*AI11+510.0572*AI11^2 -> 9095248 | BQ11: =IF(BO11<73.2,-180.3+3.1*AJ11,312.46-10.83*AJ11+0.098*AJ11^2)*10000 -> 3124600 | BR11: =(219.28*AK11^2-173172.2*AK11+34168761.89) -> 34168762 | BS11: =5190570-498758.9*AL11+14528.53*AL11^2-112.5*AL11^3 -> 5190570 | BT11: =(207.86-3.07416*AM11+0.00297*AM11^2+0.000073*AM11^3)*10000 -> 2078600 | BU11: =(412.37-12.56*AN11+0.12278*AN11^2-0.000376*AN11^3)*10000 -> 4123700 | BV11: =(5708324-41094.23*AO11+72.7745*AO11^2) -> 5708324 | BW11: =(1307.749-5.30998*AP11+0.005386*AP11^2)*10000 -> 13077490 | BX11: =(33.36079-1.57235*AQ11+0.020673*AQ11^2-0.000067*AQ11^3)*10000 -> 333607.9 | BY11: =(-106.619+3.872392*AR11-0.0491*AR11^2+0.000219*AR11^3)*10000 -> -1066190 | BZ11: =(-2923.33+10.10447*AS11-0.00872*AS11^2)*10000 -> -29233300 | CA11: =(149.6647-3.26844*AT11+0.02264*AT11^2-0.000048*AT11^3)*10000 -> 1496647
B12: 5 | C12: S | AB12: =B12 -> 5 | AC12: =C12 -> S | BI12: 5 | BK12: =-4552010+77862.43*AD12-528.064*AD12^2+1.3857*AD12^3 -> -4552010 | BL12: =-3210651+145404.1*AE12-2052.163*AE12^2+14.3568*AE12^3 -> -3210651 | BM12: =IF(BK12<140,-737886.6-3612.887*AF12+84.47319*AF12^2,7040924-115283.7*AF12+485.2715*AF12^2) -> -737886.6 | BN12: =4001977-66502.13*AG12+275.558*AG12^2 -> 4001977 | BO12: =12256870-84903.96*AH12+146.7551*AH12^2 -> 12256870 | BP12: =9095248-135970.3*AI12+510.0572*AI12^2 -> 9095248 | BQ12: =IF(BO12<73.2,-180.3+3.1*AJ12,312.46-10.83*AJ12+0.098*AJ12^2)*10000 -> 3124600 | BR12: =(219.28*AK12^2-173172.2*AK12+34168761.89) -> 34168762 | BS12: =5190570-498758.9*AL12+14528.53*AL12^2-112.5*AL12^3 -> 5190570 | BT12: =(207.86-3.07416*AM12+0.00297*AM12^2+0.000073*AM12^3)*10000 -> 2078600 | BU12: =(412.37-12.56*AN12+0.12278*AN12^2-0.000376*AN12^3)*10000 -> 4123700 | BV12: =(5708324-41094.23*AO12+72.7745*AO12^2) -> 5708324 | BW12: =(1307.749-5.30998*AP12+0.005386*AP12^2)*10000 -> 13077490 | BX12: =(33.36079-1.57235*AQ12+0.020673*AQ12^2-0.000067*AQ12^3)*10000 -> 333607.9 | BY12: =(-106.619+3.872392*AR12-0.0491*AR12^2+0.000219*AR12^3)*10000 -> -1066190 | BZ12: =(-2923.33+10.10447*AS12-0.00872*AS12^2)*10000 -> -29233300 | CA12: =(149.6647-3.26844*AT12+0.02264*AT12^2-0.000048*AT12^3)*10000 -> 1496647
B13: 6 | C13: M | D13: =ROUND(IF(AD13<205,SUM(-320030000,6636771*AD13,-46046*AD13^2,106.62*AD13^3),SUM(91660160,1216002*AD13,-22168*AD13^2,71.366*AD13^3))/1000000,3) -> 36.213 | E13: =ROUND((6669048.41-363409.186*AE13-307.876*AE13^2+152.3398*AE13^3)/1000000,3) -> 18.857 | F13: =ROUND((-98334930.2+3037042.21*AF13-30615.40767*AF13^2+101.23056*AF13^3)/1000000,3) -> 10.055 | G13: =AW13 -> 7.929 | H13: =ROUND((-174502023+4277428*AG13-35009.373*AG13^2+95.58911*AG13^3)/1000000-0.096,3) -> 2.418 | I13: =ROUND(IF(AH13<318,SUM(3.5242*AH13^2-2140.3*AH13+325031)/1000,SUM(70242780-813889.6*AH13+7928.716*AH13^2-35.20719*AH13^3+0.05082853*AH13^4)/1000000)-0.059,3) -> 2.161 | J13: =ROUND((-442650826+9751516.3*AI13-72042.8986*AI13^2+178.4049*AI13^3)/1000000,3)-0.071 -> 4.869 | K13: =ROUND(((4827852-139329.3*AJ13+2797.9*AJ13^2-98.98*AJ13^3+1.14*AJ13^4)/1000000),3)-0.05 -> 5.568 | L13: =ROUND((IF(AK13<424,SUM(5064.49*AK13^2-4133655.98*AK13+843517073.2),(7938.48*AK13^2-6579376.11*AK13+1363834719.7)))/1000000,3) -> 1.733 | M13: =ROUND((-8532018+1417757*AL13-72752.08*AL13^2+1191.92*AL13^3)/1000000,3) -> 0.143 | N13: =ROUND((-98293225+2791565*AM13-26671.1*AM13^2+85.56608*AM13^3)/1000000,3)-0 -> 1.786 | O13: =ROUND((-5101113+342273.3*AN13-5950.34*AN13^2+30.97425*AN13^3)/1000000,3)-0 -> 1.78 | P13: =ROUND((352562346-2208805*AO13+3459.655*AO13^2)/1000000,3)-0 -> 1.244 | Q13: =ROUND((426242189-1669663*AP13+1635.186*AP13^2)/1000000,3)+0.033 -> 1.43 | R13: =ROUND((2823894-25900.1*AQ13-1177.84*AQ13^2+13.979*AQ13^3)/1000000,3)-0.005 -> 0.99 | S13: =ROUND((-11518534+483790.5*AR13-6823.11*AR13^2+32.24883*AR13^3)/1000000,3)+0 -> 0.86 | T13: =ROUND((406066983-1465679*AS13+1322.517*AS13^2)/1000000,3)-0.001 -> 0.363 | U13: =ROUND((-13395930+388944*AT13-3702.68*AT13^2+11.59891*AT13^3)/1000000,3)-0 -> 0.298 | V13: =SUM(D13:U13) -> 98.697 | W13: =D13+H13+I13+J13+K13+L13+N13+M13 -> 54.891 | AB13: =B13 -> 6 | AC13: =C13 -> M | AD13: 214.08 | AE13: 61.7 | AF13: 150.04 | AG13: 152.05 | AH13: 328 | AI13: 162.1 | AJ13: 77.07 | AK13: 426.37 | AL13: =$AL$3+3.94 -> 26.68 | AM13: 129.63 | AN13: 110.02 | AO13: 338.1 | AP13: 539.5 | AQ13: 88.49 | AR13: 99.79 | AS13: 571.1 | AT13: 139.6 | AV13: 401.14 | AW13: 7.929 | AX13: 405 | AY13: 2.8 | AZ13: 397.8 | BA13: 2 | BB13: 359.5 | BC13: =(2261.87*BB13^2-1423337.72*BB13+223819398.05)/1000000 -> 4.454132 | BI13: 6 | BK13: =-4552010+77862.43*AD13-528.064*AD13^2+1.3857*AD13^3 -> 1511048.4 | BL13: =-3210651+145404.1*AE13-2052.163*AE13^2+14.3568*AE13^3 -> 1320621.8 | BM13: =IF(BK13<140,-737886.6-3612.887*AF13+84.47319*AF13^2,7040924-115283.7*AF13+485.2715*AF13^2) -> 668190.44 | BN13: =4001977-66502.13*AG13+275.558*AG13^2 -> 261009.34 | BO13: =12256870-84903.96*AH13+146.7551*AH13^2 -> 196871.8 | BP13: =9095248-135970.3*AI13+510.0572*AI13^2 -> 456934.48 | BQ13: =IF(BO13<73.2,-180.3+3.1*AJ13,312.46-10.83*AJ13+0.098*AJ13^2)*10000 -> 598908.2 | BR13: =(219.28*AK13^2-173172.2*AK13+34168761.89) -> 196544.1 | BS13: =5190570-498758.9*AL13+14528.53*AL13^2-112.5*AL13^3 -> 88880.707 | BT13: =(207.86-3.07416*AM13+0.00297*AM13^2+0.000073*AM13^3)*10000 -> 182798.19 | BU13: =(412.37-12.56*AN13+0.12278*AN13^2-0.000376*AN13^3)*10000 -> 159680.55 | BV13: =(5708324-41094.23*AO13+72.7745*AO13^2) -> 133335.1 | BW13: =(1307.749-5.30998*AP13+0.005386*AP13^2)*10000 -> 106652.97 | BX13: =(33.36079-1.57235*AQ13+0.020673*AQ13^2-0.000067*AQ13^3)*10000 -> 96774.683 | BY13: =(-106.619+3.872392*AR13-0.0491*AR13^2+0.000219*AR13^3)*10000 -> 84902.277 | BZ13: =(-2923.33+10.10447*AS13-0.00872*AS13^2)*10000 -> 32593.858 | CA13: =(149.6647-3.26844*AT13+0.02264*AT13^2-0.000048*AT13^3)*10000 -> 40161.559
B14: 7 | C14: T | D14: =ROUND(IF(AD14<205,SUM(-320030000,6636771*AD14,-46046*AD14^2,106.62*AD14^3),SUM(91660160,1216002*AD14,-22168*AD14^2,71.366*AD14^3))/1000000,3) -> 36.692 | E14: =ROUND((6669048.41-363409.186*AE14-307.876*AE14^2+152.3398*AE14^3)/1000000,3) -> 19.018 | F14: =ROUND((-98334930.2+3037042.21*AF14-30615.40767*AF14^2+101.23056*AF14^3)/1000000,3) -> 10.131 | G14: =AW14 -> 7.967 | H14: =ROUND((-174502023+4277428*AG14-35009.373*AG14^2+95.58911*AG14^3)/1000000-0.096,3) -> 2.586 | I14: =ROUND(IF(AH14<318,SUM(3.5242*AH14^2-2140.3*AH14+325031)/1000,SUM(70242780-813889.6*AH14+7928.716*AH14^2-35.20719*AH14^3+0.05082853*AH14^4)/1000000)-0.059,3) -> 2.191 | J14: =ROUND((-442650826+9751516.3*AI14-72042.8986*AI14^2+178.4049*AI14^3)/1000000,3)-0.071 -> 4.961 | K14: =ROUND(((4827852-139329.3*AJ14+2797.9*AJ14^2-98.98*AJ14^3+1.14*AJ14^4)/1000000),3)-0.05 -> 5.761 | L14: =ROUND((IF(AK14<424,SUM(5064.49*AK14^2-4133655.98*AK14+843517073.2),(7938.48*AK14^2-6579376.11*AK14+1363834719.7)))/1000000,3) -> 1.858 | M14: =ROUND((-8532018+1417757*AL14-72752.08*AL14^2+1191.92*AL14^3)/1000000,3) -> 0.143 | N14: =ROUND((-98293225+2791565*AM14-26671.1*AM14^2+85.56608*AM14^3)/1000000,3)-0 -> 1.819 | O14: =ROUND((-5101113+342273.3*AN14-5950.34*AN14^2+30.97425*AN14^3)/1000000,3)-0 -> 1.826 | P14: =ROUND((352562346-2208805*AO14+3459.655*AO14^2)/1000000,3)-0 -> 1.284 | Q14: =ROUND((426242189-1669663*AP14+1635.186*AP14^2)/1000000,3)+0.033 -> 1.43 | R14: =ROUND((2823894-25900.1*AQ14-1177.84*AQ14^2+13.979*AQ14^3)/1000000,3)-0.005 -> 0.99 | S14: =ROUND((-11518534+483790.5*AR14-6823.11*AR14^2+32.24883*AR14^3)/1000000,3)+0 -> 0.86 | T14: =ROUND((406066983-1465679*AS14+1322.517*AS14^2)/1000000,3)-0.001 -> 0.363 | U14: =ROUND((-13395930+388944*AT14-3702.68*AT14^2+11.59891*AT14^3)/1000000,3)-0 -> 0.298 | V14: =SUM(D14:U14) -> 100.178 | W14: =D14+H14+I14+J14+K14+L14+N14+M14 -> 56.011 | AB14: =B14 -> 7 | AC14: =C14 -> T | AD14: 214.39 | AE14: 61.82 | AF14: 150.15 | AG14: 152.68 | AH14: 328.15 | AI14: 162.3 | AJ14: 77.38 | AK14: 427.01 | AL14: =$AL$3+3.94 -> 26.68 | AM14: 129.8 | AN14: 110.31 | AO14: 338.4 | AP14: 539.5 | AQ14: 88.49 | AR14: 99.79 | AS14: 571.1 | AT14: 139.6 | AV14: 401.21 | AW14: 7.967 | AX14: 404.95 | AY14: 2.785 | AZ14: 397.8 | BA14: 2 | BB14: 359.5 | BC14: =(2261.87*BB14^2-1423337.72*BB14+223819398.05)/1000000 -> 4.454132 | BI14: 7 | BK14: =-4552010+77862.43*AD14-528.064*AD14^2+1.3857*AD14^3 -> 1524192.4 | BL14: =-3210651+145404.1*AE14-2052.163*AE14^2+14.3568*AE14^3 -> 1327366.3 | BM14: =IF(BK14<140,-737886.6-3612.887*AF14+84.47319*AF14^2,7040924-115283.7*AF14+485.2715*AF14^2) -> 671533.33 | BN14: =4001977-66502.13*AG14+275.558*AG14^2 -> 272014.59 | BO14: =12256870-84903.96*AH14+146.7551*AH14^2 -> 198580.21 | BP14: =9095248-135970.3*AI14+510.0572*AI14^2 -> 462832.93 | BQ14: =IF(BO14<73.2,-180.3+3.1*AJ14,312.46-10.83*AJ14+0.098*AJ14^2)*10000 -> 612257.11 | BR14: =(219.28*AK14^2-173172.2*AK14+34168761.89) -> 205476.56 | BS14: =5190570-498758.9*AL14+14528.53*AL14^2-112.5*AL14^3 -> 88880.707 | BT14: =(207.86-3.07416*AM14+0.00297*AM14^2+0.000073*AM14^3)*10000 -> 185146.29 | BU14: =(412.37-12.56*AN14+0.12278*AN14^2-0.000376*AN14^3)*10000 -> 162007.32 | BV14: =(5708324-41094.23*AO14+72.7745*AO14^2) -> 135776.41 | BW14: =(1307.749-5.30998*AP14+0.005386*AP14^2)*10000 -> 106652.97 | BX14: =(33.36079-1.57235*AQ14+0.020673*AQ14^2-0.000067*AQ14^3)*10000 -> 96774.683 | BY14: =(-106.619+3.872392*AR14-0.0491*AR14^2+0.000219*AR14^3)*10000 -> 84902.277 | BZ14: =(-2923.33+10.10447*AS14-0.00872*AS14^2)*10000 -> 32593.858 | CA14: =(149.6647-3.26844*AT14+0.02264*AT14^2-0.000048*AT14^3)*10000 -> 40161.559
B15: 8 | C15: W | D15: =ROUND(IF(AD15<205,SUM(-320030000,6636771*AD15,-46046*AD15^2,106.62*AD15^3),SUM(91660160,1216002*AD15,-22168*AD15^2,71.366*AD15^3))/1000000,3) -> 37.144 | E15: =ROUND((6669048.41-363409.186*AE15-307.876*AE15^2+152.3398*AE15^3)/1000000,3) -> 19.153 | F15: =ROUND((-98334930.2+3037042.21*AF15-30615.40767*AF15^2+101.23056*AF15^3)/1000000,3) -> 10.2 | G15: =AW15 -> 8.011 | H15: =ROUND((-174502023+4277428*AG15-35009.373*AG15^2+95.58911*AG15^3)/1000000-0.096,3) -> 2.73 | I15: =ROUND(IF(AH15<318,SUM(3.5242*AH15^2-2140.3*AH15+325031)/1000,SUM(70242780-813889.6*AH15+7928.716*AH15^2-35.20719*AH15^3+0.05082853*AH15^4)/1000000)-0.059,3) -> 2.217 | J15: =ROUND((-442650826+9751516.3*AI15-72042.8986*AI15^2+178.4049*AI15^3)/1000000,3)-0.071 -> 5.046 | K15: =ROUND(((4827852-139329.3*AJ15+2797.9*AJ15^2-98.98*AJ15^3+1.14*AJ15^4)/1000000),3)-0.05 -> 5.951 | L15: =ROUND((IF(AK15<424,SUM(5064.49*AK15^2-4133655.98*AK15+843517073.2),(7938.48*AK15^2-6579376.11*AK15+1363834719.7)))/1000000,3) -> 1.979 | M15: =ROUND((-8532018+1417757*AL15-72752.08*AL15^2+1191.92*AL15^3)/1000000,3) -> 0.147 | N15: =ROUND((-98293225+2791565*AM15-26671.1*AM15^2+85.56608*AM15^3)/1000000,3)-0 -> 1.834 | O15: =ROUND((-5101113+342273.3*AN15-5950.34*AN15^2+30.97425*AN15^3)/1000000,3)-0 -> 1.858 | P15: =ROUND((352562346-2208805*AO15+3459.655*AO15^2)/1000000,3)-0 -> 1.317 | Q15: =ROUND((426242189-1669663*AP15+1635.186*AP15^2)/1000000,3)+0.033 -> 1.43 | R15: =ROUND((2823894-25900.1*AQ15-1177.84*AQ15^2+13.979*AQ15^3)/1000000,3)-0.005 -> 0.99 | S15: =ROUND((-11518534+483790.5*AR15-6823.11*AR15^2+32.24883*AR15^3)/1000000,3)+0 -> 0.86 | T15: =ROUND((406066983-1465679*AS15+1322.517*AS15^2)/1000000,3)-0.001 -> 0.363 | U15: =ROUND((-13395930+388944*AT15-3702.68*AT15^2+11.59891*AT15^3)/1000000,3)-0 -> 0.298 | V15: =SUM(D15:U15) -> 101.528 | W15: =D15+H15+I15+J15+K15+L15+N15+M15 -> 57.048 | AB15: =B15 -> 8 | AC15: =C15 -> W | AD15: 214.68 | AE15: 61.92 | AF15: 150.25 | AG15: 153.2 | AH15: 328.28 | AI15: 162.48 | AJ15: 77.68 | AK15: 427.6 | AL15: =$AL$3+3.98 -> 26.72 | AM15: 129.88 | AN15: 110.51 | AO15: 338.65 | AP15: 539.5 | AQ15: 88.49 | AR15: 99.79 | AS15: 571.1 | AT15: 139.6 | AV15: 401.29 | AW15: 8.011 | AX15: 404.9 | AY15: 2.77 | AZ15: 397.8 | BA15: 2 | BB15: 359.5 | BC15: =(2261.87*BB15^2-1423337.72*BB15+223819398.05)/1000000 -> 4.454132 | BI15: 8 | BK15: =-4552010+77862.43*AD15-528.064*AD15^2+1.3857*AD15^3 -> 1536551.5 | BL15: =-3210651+145404.1*AE15-2052.163*AE15^2+14.3568*AE15^3 -> 1333000.1 | BM15: =IF(BK15<140,-737886.6-3612.887*AF15+84.47319*AF15^2,7040924-115283.7*AF15+485.2715*AF15^2) -> 674582.52 | BN15: =4001977-66502.13*AG15+275.558*AG15^2 -> 281263.08 | BO15: =12256870-84903.96*AH15+146.7551*AH15^2 -> 200066.17 | BP15: =9095248-135970.3*AI15+510.0572*AI15^2 -> 468176.43 | BQ15: =IF(BO15<73.2,-180.3+3.1*AJ15,312.46-10.83*AJ15+0.098*AJ15^2)*10000 -> 625354.75 | BR15: =(219.28*AK15^2-173172.2*AK15+34168761.89) -> 213870.3 | BS15: =5190570-498758.9*AL15+14528.53*AL15^2-112.5*AL15^3 -> 90339.275 | BT15: =(207.86-3.07416*AM15+0.00297*AM15^2+0.000073*AM15^3)*10000 -> 186257.56 | BU15: =(412.37-12.56*AN15+0.12278*AN15^2-0.000376*AN15^3)*10000 -> 163610.4 | BV15: =(5708324-41094.23*AO15+72.7745*AO15^2) -> 137820.85 | BW15: =(1307.749-5.30998*AP15+0.005386*AP15^2)*10000 -> 106652.97 | BX15: =(33.36079-1.57235*AQ15+0.020673*AQ15^2-0.000067*AQ15^3)*10000 -> 96774.683 | BY15: =(-106.619+3.872392*AR15-0.0491*AR15^2+0.000219*AR15^3)*10000 -> 84902.277 | BZ15: =(-2923.33+10.10447*AS15-0.00872*AS15^2)*10000 -> 32593.858 | CA15: =(149.6647-3.26844*AT15+0.02264*AT15^2-0.000048*AT15^3)*10000 -> 40161.559
B16: 9 | C16: T | D16: =ROUND(IF(AD16<205,SUM(-320030000,6636771*AD16,-46046*AD16^2,106.62*AD16^3),SUM(91660160,1216002*AD16,-22168*AD16^2,71.366*AD16^3))/1000000,3) -> 37.505 | E16: =ROUND((6669048.41-363409.186*AE16-307.876*AE16^2+152.3398*AE16^3)/1000000,3) -> 19.275 | F16: =ROUND((-98334930.2+3037042.21*AF16-30615.40767*AF16^2+101.23056*AF16^3)/1000000,3) -> 10.277 | G16: =AW16 -> 8.049 | H16: =ROUND((-174502023+4277428*AG16-35009.373*AG16^2+95.58911*AG16^3)/1000000-0.096,3) -> 2.8 | I16: =ROUND(IF(AH16<318,SUM(3.5242*AH16^2-2140.3*AH16+325031)/1000,SUM(70242780-813889.6*AH16+7928.716*AH16^2-35.20719*AH16^3+0.05082853*AH16^4)/1000000)-0.059,3) -> 2.241 | J16: =ROUND((-442650826+9751516.3*AI16-72042.8986*AI16^2+178.4049*AI16^3)/1000000,3)-0.071 -> 5.126 | K16: =ROUND(((4827852-139329.3*AJ16+2797.9*AJ16^2-98.98*AJ16^3+1.14*AJ16^4)/1000000),3)-0.05 -> 6.087 | L16: =ROUND((IF(AK16<424,SUM(5064.49*AK16^2-4133655.98*AK16+843517073.2),(7938.48*AK16^2-6579376.11*AK16+1363834719.7)))/1000000,3) -> 2.066 | M16: =ROUND((-8532018+1417757*AL16-72752.08*AL16^2+1191.92*AL16^3)/1000000,3) -> 0.147 | N16: =ROUND((-98293225+2791565*AM16-26671.1*AM16^2+85.56608*AM16^3)/1000000,3)-0 -> 1.846 | O16: =ROUND((-5101113+342273.3*AN16-5950.34*AN16^2+30.97425*AN16^3)/1000000,3)-0 -> 1.871 | P16: =ROUND((352562346-2208805*AO16+3459.655*AO16^2)/1000000,3)-0 -> 1.351 | Q16: =ROUND((426242189-1669663*AP16+1635.186*AP16^2)/1000000,3)+0.033 -> 1.43 | R16: =ROUND((2823894-25900.1*AQ16-1177.84*AQ16^2+13.979*AQ16^3)/1000000,3)-0.005 -> 0.99 | S16: =ROUND((-11518534+483790.5*AR16-6823.11*AR16^2+32.24883*AR16^3)/1000000,3)+0 -> 0.86 | T16: =ROUND((406066983-1465679*AS16+1322.517*AS16^2)/1000000,3)-0.001 -> 0.363 | U16: =ROUND((-13395930+388944*AT16-3702.68*AT16^2+11.59891*AT16^3)/1000000,3)-0 -> 0.298 | V16: =SUM(D16:U16) -> 102.582 | W16: =D16+H16+I16+J16+K16+L16+N16+M16 -> 57.818 | AB16: =B16 -> 9 | AC16: =C16 -> T | AD16: 214.91 | AE16: 62.01 | AF16: 150.36 | AG16: 153.45 | AH16: 328.4 | AI16: 162.65 | AJ16: 77.89 | AK16: 428.01 | AL16: =$AL$3+3.98 -> 26.72 | AM16: 129.94 | AN16: 110.59 | AO16: 338.9 | AP16: 539.5 | AQ16: 88.49 | AR16: 99.79 | AS16: 571.1 | AT16: 139.6 | AV16: 401.36 | AW16: 8.049 | AX16: 404.6 | AY16: 2.68 | AZ16: 397.8 | BA16: 2 | BB16: 359.5 | BC16: =(2261.87*BB16^2-1423337.72*BB16+223819398.05)/1000000 -> 4.454132 | BI16: 9 | BK16: =-4552010+77862.43*AD16-528.064*AD16^2+1.3857*AD16^3 -> 1546397.1 | BL16: =-3210651+145404.1*AE16-2052.163*AE16^2+14.3568*AE16^3 -> 1338081.1 | BM16: =IF(BK16<140,-737886.6-3612.887*AF16+84.47319*AF16^2,7040924-115283.7*AF16+485.2715*AF16^2) -> 677947.83 | BN16: =4001977-66502.13*AG16+275.558*AG16^2 -> 285762.51 | BO16: =12256870-84903.96*AH16+146.7551*AH16^2 -> 201442.23 | BP16: =9095248-135970.3*AI16+510.0572*AI16^2 -> 473253.41 | BQ16: =IF(BO16<73.2,-180.3+3.1*AJ16,312.46-10.83*AJ16+0.098*AJ16^2)*10000 -> 634628.06 | BR16: =(219.28*AK16^2-173172.2*AK16+34168761.89) -> 219793.15 | BS16: =5190570-498758.9*AL16+14528.53*AL16^2-112.5*AL16^3 -> 90339.275 | BT16: =(207.86-3.07416*AM16+0.00297*AM16^2+0.000073*AM16^3)*10000 -> 187093.65 | BU16: =(412.37-12.56*AN16+0.12278*AN16^2-0.000376*AN16^3)*10000 -> 164251.22 | BV16: =(5708324-41094.23*AO16+72.7745*AO16^2) -> 139874.38 | BW16: =(1307.749-5.30998*AP16+0.005386*AP16^2)*10000 -> 106652.97 | BX16: =(33.36079-1.57235*AQ16+0.020673*AQ16^2-0.000067*AQ16^3)*10000 -> 96774.683 | BY16: =(-106.619+3.872392*AR16-0.0491*AR16^2+0.000219*AR16^3)*10000 -> 84902.277 | BZ16: =(-2923.33+10.10447*AS16-0.00872*AS16^2)*10000 -> 32593.858 | CA16: =(149.6647-3.26844*AT16+0.02264*AT16^2-0.000048*AT16^3)*10000 -> 40161.559
B17: 10 | C17: F | AB17: =B17 -> 10 | AC17: =C17 -> F | BI17: 10 | BK17: =-4552010+77862.43*AD17-528.064*AD17^2+1.3857*AD17^3 -> -4552010 | BL17: =-3210651+145404.1*AE17-2052.163*AE17^2+14.3568*AE17^3 -> -3210651 | BM17: =IF(BK17<140,-737886.6-3612.887*AF17+84.47319*AF17^2,7040924-115283.7*AF17+485.2715*AF17^2) -> -737886.6 | BN17: =4001977-66502.13*AG17+275.558*AG17^2 -> 4001977 | BO17: =12256870-84903.96*AH17+146.7551*AH17^2 -> 12256870 | BP17: =9095248-135970.3*AI17+510.0572*AI17^2 -> 9095248 | BQ17: =IF(BO17<73.2,-180.3+3.1*AJ17,312.46-10.83*AJ17+0.098*AJ17^2)*10000 -> 3124600 | BR17: =(219.28*AK17^2-173172.2*AK17+34168761.89) -> 34168762 | BS17: =5190570-498758.9*AL17+14528.53*AL17^2-112.5*AL17^3 -> 5190570 | BT17: =(207.86-3.07416*AM17+0.00297*AM17^2+0.000073*AM17^3)*10000 -> 2078600 | BU17: =(412.37-12.56*AN17+0.12278*AN17^2-0.000376*AN17^3)*10000 -> 4123700 | BV17: =(5708324-41094.23*AO17+72.7745*AO17^2) -> 5708324 | BW17: =(1307.749-5.30998*AP17+0.005386*AP17^2)*10000 -> 13077490 | BX17: =(33.36079-1.57235*AQ17+0.020673*AQ17^2-0.000067*AQ17^3)*10000 -> 333607.9 | BY17: =(-106.619+3.872392*AR17-0.0491*AR17^2+0.000219*AR17^3)*10000 -> -1066190 | BZ17: =(-2923.33+10.10447*AS17-0.00872*AS17^2)*10000 -> -29233300 | CA17: =(149.6647-3.26844*AT17+0.02264*AT17^2-0.000048*AT17^3)*10000 -> 1496647
B18: 11 | C18: S | AB18: =B18 -> 11 | AC18: =C18 -> S | BI18: 11 | BK18: =-4552010+77862.43*AD18-528.064*AD18^2+1.3857*AD18^3 -> -4552010 | BL18: =-3210651+145404.1*AE18-2052.163*AE18^2+14.3568*AE18^3 -> -3210651 | BM18: =IF(BK18<140,-737886.6-3612.887*AF18+84.47319*AF18^2,7040924-115283.7*AF18+485.2715*AF18^2) -> -737886.6 | BN18: =4001977-66502.13*AG18+275.558*AG18^2 -> 4001977 | BO18: =12256870-84903.96*AH18+146.7551*AH18^2 -> 12256870 | BP18: =9095248-135970.3*AI18+510.0572*AI18^2 -> 9095248 | BQ18: =IF(BO18<73.2,-180.3+3.1*AJ18,312.46-10.83*AJ18+0.098*AJ18^2)*10000 -> 3124600 | BR18: =(219.28*AK18^2-173172.2*AK18+34168761.89) -> 34168762 | BS18: =5190570-498758.9*AL18+14528.53*AL18^2-112.5*AL18^3 -> 5190570 | BT18: =(207.86-3.07416*AM18+0.00297*AM18^2+0.000073*AM18^3)*10000 -> 2078600 | BU18: =(412.37-12.56*AN18+0.12278*AN18^2-0.000376*AN18^3)*10000 -> 4123700 | BV18: =(5708324-41094.23*AO18+72.7745*AO18^2) -> 5708324 | BW18: =(1307.749-5.30998*AP18+0.005386*AP18^2)*10000 -> 13077490 | BX18: =(33.36079-1.57235*AQ18+0.020673*AQ18^2-0.000067*AQ18^3)*10000 -> 333607.9 | BY18: =(-106.619+3.872392*AR18-0.0491*AR18^2+0.000219*AR18^3)*10000 -> -1066190 | BZ18: =(-2923.33+10.10447*AS18-0.00872*AS18^2)*10000 -> -29233300 | CA18: =(149.6647-3.26844*AT18+0.02264*AT18^2-0.000048*AT18^3)*10000 -> 1496647
B19: 12 | C19: S | AB19: =B19 -> 12 | AC19: =C19 -> S | BI19: 12 | BK19: =-4552010+77862.43*AD19-528.064*AD19^2+1.3857*AD19^3 -> -4552010 | BL19: =-3210651+145404.1*AE19-2052.163*AE19^2+14.3568*AE19^3 -> -3210651 | BM19: =IF(BK19<140,-737886.6-3612.887*AF19+84.47319*AF19^2,7040924-115283.7*AF19+485.2715*AF19^2) -> -737886.6 | BN19: =4001977-66502.13*AG19+275.558*AG19^2 -> 4001977 | BO19: =12256870-84903.96*AH19+146.7551*AH19^2 -> 12256870 | BP19: =9095248-135970.3*AI19+510.0572*AI19^2 -> 9095248 | BQ19: =IF(BO19<73.2,-180.3+3.1*AJ19,312.46-10.83*AJ19+0.098*AJ19^2)*10000 -> 3124600 | BR19: =(219.28*AK19^2-173172.2*AK19+34168761.89) -> 34168762 | BS19: =5190570-498758.9*AL19+14528.53*AL19^2-112.5*AL19^3 -> 5190570 | BT19: =(207.86-3.07416*AM19+0.00297*AM19^2+0.000073*AM19^3)*10000 -> 2078600 | BU19: =(412.37-12.56*AN19+0.12278*AN19^2-0.000376*AN19^3)*10000 -> 4123700 | BV19: =(5708324-41094.23*AO19+72.7745*AO19^2) -> 5708324 | BW19: =(1307.749-5.30998*AP19+0.005386*AP19^2)*10000 -> 13077490 | BX19: =(33.36079-1.57235*AQ19+0.020673*AQ19^2-0.000067*AQ19^3)*10000 -> 333607.9 | BY19: =(-106.619+3.872392*AR19-0.0491*AR19^2+0.000219*AR19^3)*10000 -> -1066190 | BZ19: =(-2923.33+10.10447*AS19-0.00872*AS19^2)*10000 -> -29233300 | CA19: =(149.6647-3.26844*AT19+0.02264*AT19^2-0.000048*AT19^3)*10000 -> 1496647
B20: 13 | C20: M | AB20: =B20 -> 13 | AC20: =C20 -> M | BI20: 13 | BK20: =-4552010+77862.43*AD20-528.064*AD20^2+1.3857*AD20^3 -> -4552010 | BL20: =-3210651+145404.1*AE20-2052.163*AE20^2+14.3568*AE20^3 -> -3210651 | BM20: =IF(BK20<140,-737886.6-3612.887*AF20+84.47319*AF20^2,7040924-115283.7*AF20+485.2715*AF20^2) -> -737886.6 | BN20: =4001977-66502.13*AG20+275.558*AG20^2 -> 4001977 | BO20: =12256870-84903.96*AH20+146.7551*AH20^2 -> 12256870 | BP20: =9095248-135970.3*AI20+510.0572*AI20^2 -> 9095248 | BQ20: =IF(BO20<73.2,-180.3+3.1*AJ20,312.46-10.83*AJ20+0.098*AJ20^2)*10000 -> 3124600 | BR20: =(219.28*AK20^2-173172.2*AK20+34168761.89) -> 34168762 | BS20: =5190570-498758.9*AL20+14528.53*AL20^2-112.5*AL20^3 -> 5190570 | BT20: =(207.86-3.07416*AM20+0.00297*AM20^2+0.000073*AM20^3)*10000 -> 2078600 | BU20: =(412.37-12.56*AN20+0.12278*AN20^2-0.000376*AN20^3)*10000 -> 4123700 | BV20: =(5708324-41094.23*AO20+72.7745*AO20^2) -> 5708324 | BW20: =(1307.749-5.30998*AP20+0.005386*AP20^2)*10000 -> 13077490 | BX20: =(33.36079-1.57235*AQ20+0.020673*AQ20^2-0.000067*AQ20^3)*10000 -> 333607.9 | BY20: =(-106.619+3.872392*AR20-0.0491*AR20^2+0.000219*AR20^3)*10000 -> -1066190 | BZ20: =(-2923.33+10.10447*AS20-0.00872*AS20^2)*10000 -> -29233300 | CA20: =(149.6647-3.26844*AT20+0.02264*AT20^2-0.000048*AT20^3)*10000 -> 1496647
B21: 14 | C21: T | D21: =ROUND(IF(AD21<205,SUM(-320030000,6636771*AD21,-46046*AD21^2,106.62*AD21^3),SUM(91660160,1216002*AD21,-22168*AD21^2,71.366*AD21^3))/1000000,3) -> 39.072 | E21: =ROUND((6669048.41-363409.186*AE21-307.876*AE21^2+152.3398*AE21^3)/1000000,3) -> 19.725 | F21: =ROUND((-98334930.2+3037042.21*AF21-30615.40767*AF21^2+101.23056*AF21^3)/1000000,3) -> 10.501 | G21: =AW21 -> 8.197 | H21: =ROUND((-174502023+4277428*AG21-35009.373*AG21^2+95.58911*AG21^3)/1000000-0.096,3) -> 3.156 | I21: =ROUND(IF(AH21<318,SUM(3.5242*AH21^2-2140.3*AH21+325031)/1000,SUM(70242780-813889.6*AH21+7928.716*AH21^2-35.20719*AH21^3+0.05082853*AH21^4)/1000000)-0.059,3) -> 2.334 | J21: =ROUND((-442650826+9751516.3*AI21-72042.8986*AI21^2+178.4049*AI21^3)/1000000,3)-0.071 -> 5.441 | K21: =ROUND(((4827852-139329.3*AJ21+2797.9*AJ21^2-98.98*AJ21^3+1.14*AJ21^4)/1000000),3)-0.05 -> 6.579 | L21: =ROUND((IF(AK21<424,SUM(5064.49*AK21^2-4133655.98*AK21+843517073.2),(7938.48*AK21^2-6579376.11*AK21+1363834719.7)))/1000000,3) -> 2.192 | M21: =ROUND((-8532018+1417757*AL21-72752.08*AL21^2+1191.92*AL21^3)/1000000,3) -> 0.149 | N21: =ROUND((-98293225+2791565*AM21-26671.1*AM21^2+85.56608*AM21^3)/1000000,3)-0.001 -> 1.886 | O21: =ROUND((-5101113+342273.3*AN21-5950.34*AN21^2+30.97425*AN21^3)/1000000,3)-0 -> 1.915 | P21: =ROUND((352562346-2208805*AO21+3459.655*AO21^2)/1000000,3)-0 -> 1.483 | Q21: =ROUND((426242189-1669663*AP21+1635.186*AP21^2)/1000000,3)+0.033 -> 1.43 | R21: =ROUND((2823894-25900.1*AQ21-1177.84*AQ21^2+13.979*AQ21^3)/1000000,3)-0.005 -> 0.99 | S21: =ROUND((-11518534+483790.5*AR21-6823.11*AR21^2+32.24883*AR21^3)/1000000,3)+0 -> 0.86 | T21: =ROUND((406066983-1465679*AS21+1322.517*AS21^2)/1000000,3)-0.001 -> 0.363 | U21: =ROUND((-13395930+388944*AT21-3702.68*AT21^2+11.59891*AT21^3)/1000000,3)-0 -> 0.298 | V21: =SUM(D21:U21) -> 106.571 | W21: =D21+H21+I21+J21+K21+L21+N21+M21 -> 60.809 | AB21: =B21 -> 14 | AC21: =C21 -> T | AD21: 215.89 | AE21: 62.34 | AF21: 150.68 | AG21: 154.65 | AH21: 328.85 | AI21: 163.3 | AJ21: 78.63 | AK21: 428.58 | AL21: =$AL$3+4.01 -> 26.75 | AM21: 130.15 | AN21: 110.86 | AO21: 339.85 | AP21: 539.5 | AQ21: 88.49 | AR21: 99.79 | AS21: 571.1 | AT21: 139.6 | AV21: 401.63 | AW21: 8.197 | AX21: 404.97 | AY21: 2.79 | AZ21: 397.8 | BA21: 2 | BB21: 359.5 | BC21: =(2261.87*BB21^2-1423337.72*BB21+223819398.05)/1000000 -> 4.454132 | BI21: 14 | BK21: =-4552010+77862.43*AD21-528.064*AD21^2+1.3857*AD21^3 -> 1588782.5 | BL21: =-3210651+145404.1*AE21-2052.163*AE21^2+14.3568*AE21^3 -> 1356797.6 | BM21: =IF(BK21<140,-737886.6-3612.887*AF21+84.47319*AF21^2,7040924-115283.7*AF21+485.2715*AF21^2) -> 687804.61 | BN21: =4001977-66502.13*AG21+275.558*AG21^2 -> 307839.26 | BO21: =12256870-84903.96*AH21+146.7551*AH21^2 -> 206640.11 | BP21: =9095248-135970.3*AI21+510.0572*AI21^2 -> 492937.26 | BQ21: =IF(BO21<73.2,-180.3+3.1*AJ21,312.46-10.83*AJ21+0.098*AJ21^2)*10000 -> 667994.36 | BR21: =(219.28*AK21^2-173172.2*AK21+34168761.89) -> 228149.83 | BS21: =5190570-498758.9*AL21+14528.53*AL21^2-112.5*AL21^3 -> 91444.775 | BT21: =(207.86-3.07416*AM21+0.00297*AM21^2+0.000073*AM21^3)*10000 -> 190037.79 | BU21: =(412.37-12.56*AN21+0.12278*AN21^2-0.000376*AN21^3)*10000 -> 166412.07 | BV21: =(5708324-41094.23*AO21+72.7745*AO21^2) -> 147760.77 | BW21: =(1307.749-5.30998*AP21+0.005386*AP21^2)*10000 -> 106652.97 | BX21: =(33.36079-1.57235*AQ21+0.020673*AQ21^2-0.000067*AQ21^3)*10000 -> 96774.683 | BY21: =(-106.619+3.872392*AR21-0.0491*AR21^2+0.000219*AR21^3)*10000 -> 84902.277 | BZ21: =(-2923.33+10.10447*AS21-0.00872*AS21^2)*10000 -> 32593.858 | CA21: =(149.6647-3.26844*AT21+0.02264*AT21^2-0.000048*AT21^3)*10000 -> 40161.559
B22: 15 | C22: W | D22: =ROUND(IF(AD22<205,SUM(-320030000,6636771*AD22,-46046*AD22^2,106.62*AD22^3),SUM(91660160,1216002*AD22,-22168*AD22^2,71.366*AD22^3))/1000000,3) -> 39.333 | E22: =ROUND((6669048.41-363409.186*AE22-307.876*AE22^2+152.3398*AE22^3)/1000000,3) -> 19.78 | F22: =ROUND((-98334930.2+3037042.21*AF22-30615.40767*AF22^2+101.23056*AF22^3)/1000000,3) -> 10.55 | G22: =AW22 -> 8.219 | H22: =ROUND((-174502023+4277428*AG22-35009.373*AG22^2+95.58911*AG22^3)/1000000-0.096,3) -> 3.196 | I22: =ROUND(IF(AH22<318,SUM(3.5242*AH22^2-2140.3*AH22+325031)/1000,SUM(70242780-813889.6*AH22+7928.716*AH22^2-35.20719*AH22^3+0.05082853*AH22^4)/1000000)-0.059,3) -> 2.349 | J22: =ROUND((-442650826+9751516.3*AI22-72042.8986*AI22^2+178.4049*AI22^3)/1000000,3)-0.071 -> 5.481 | K22: =ROUND(((4827852-139329.3*AJ22+2797.9*AJ22^2-98.98*AJ22^3+1.14*AJ22^4)/1000000),3)-0.05 -> 6.655 | L22: =ROUND((IF(AK22<424,SUM(5064.49*AK22^2-4133655.98*AK22+843517073.2),(7938.48*AK22^2-6579376.11*AK22+1363834719.7)))/1000000,3) -> 2.181 | M22: =ROUND((-8532018+1417757*AL22-72752.08*AL22^2+1191.92*AL22^3)/1000000,3) -> 0.149 | N22: =ROUND((-98293225+2791565*AM22-26671.1*AM22^2+85.56608*AM22^3)/1000000,3)-0.001 -> 1.888 | O22: =ROUND((-5101113+342273.3*AN22-5950.34*AN22^2+30.97425*AN22^3)/1000000,3)-0 -> 1.932 | P22: =ROUND((352562346-2208805*AO22+3459.655*AO22^2)/1000000,3)-0 -> 1.505 | Q22: =ROUND((426242189-1669663*AP22+1635.186*AP22^2)/1000000,3)+0.033 -> 1.43 | R22: =ROUND((2823894-25900.1*AQ22-1177.84*AQ22^2+13.979*AQ22^3)/1000000,3)-0.005 -> 0.99 | S22: =ROUND((-11518534+483790.5*AR22-6823.11*AR22^2+32.24883*AR22^3)/1000000,3)+0 -> 0.86 | T22: =ROUND((406066983-1465679*AS22+1322.517*AS22^2)/1000000,3)-0.001 -> 0.363 | U22: =ROUND((-13395930+388944*AT22-3702.68*AT22^2+11.59891*AT22^3)/1000000,3)-0 -> 0.298 | V22: =SUM(D22:U22) -> 107.159 | W22: =D22+H22+I22+J22+K22+L22+N22+M22 -> 61.232 | AB22: =B22 -> 15 | AC22: =C22 -> W | AD22: 216.05 | AE22: 62.38 | AF22: 150.75 | AG22: 154.78 | AH22: 328.92 | AI22: 163.38 | AJ22: 78.74 | AK22: 428.53 | AL22: =$AL$3+4.01 -> 26.75 | AM22: 130.16 | AN22: 110.96 | AO22: 340 | AP22: 539.5 | AQ22: 88.49 | AR22: 99.79 | AS22: 571.1 | AT22: 139.6 | AV22: 401.67 | AW22: 8.219 | AX22: 404.98 | AY22: 2.794 | AZ22: 397.8 | BA22: 2 | BB22: 359.5 | BC22: =(2261.87*BB22^2-1423337.72*BB22+223819398.05)/1000000 -> 4.454132 | BI22: 15 | BK22: =-4552010+77862.43*AD22-528.064*AD22^2+1.3857*AD22^3 -> 1595769.8 | BL22: =-3210651+145404.1*AE22-2052.163*AE22^2+14.3568*AE22^3 -> 1359075.5 | BM22: =IF(BK22<140,-737886.6-3612.887*AF22+84.47319*AF22^2,7040924-115283.7*AF22+485.2715*AF22^2) -> 689974.03 | BN22: =4001977-66502.13*AG22+275.558*AG22^2 -> 310278.55 | BO22: =12256870-84903.96*AH22+146.7551*AH22^2 -> 207454.01 | BP22: =9095248-135970.3*AI22+510.0572*AI22^2 -> 495389.67 | BQ22: =IF(BO22<73.2,-180.3+3.1*AJ22,312.46-10.83*AJ22+0.098*AJ22^2)*10000 -> 673045.85 | BR22: =(219.28*AK22^2-173172.2*AK22+34168761.89) -> 227411.09 | BS22: =5190570-498758.9*AL22+14528.53*AL22^2-112.5*AL22^3 -> 91444.775 | BT22: =(207.86-3.07416*AM22+0.00297*AM22^2+0.000073*AM22^3)*10000 -> 190178.68 | BU22: =(412.37-12.56*AN22+0.12278*AN22^2-0.000376*AN22^3)*10000 -> 167211.57 | BV22: =(5708324-41094.23*AO22+72.7745*AO22^2) -> 149018 | BW22: =(1307.749-5.30998*AP22+0.005386*AP22^2)*10000 -> 106652.97 | BX22: =(33.36079-1.57235*AQ22+0.020673*AQ22^2-0.000067*AQ22^3)*10000 -> 96774.683 | BY22: =(-106.619+3.872392*AR22-0.0491*AR22^2+0.000219*AR22^3)*10000 -> 84902.277 | BZ22: =(-2923.33+10.10447*AS22-0.00872*AS22^2)*10000 -> 32593.858 | CA22: =(149.6647-3.26844*AT22+0.02264*AT22^2-0.000048*AT22^3)*10000 -> 40161.559
B23: 16 | C23: T | D23: =ROUND(IF(AD23<205,SUM(-320030000,6636771*AD23,-46046*AD23^2,106.62*AD23^3),SUM(91660160,1216002*AD23,-22168*AD23^2,71.366*AD23^3))/1000000,3) -> 39.545 | E23: =ROUND((6669048.41-363409.186*AE23-307.876*AE23^2+152.3398*AE23^3)/1000000,3) -> 19.849 | F23: =ROUND((-98334930.2+3037042.21*AF23-30615.40767*AF23^2+101.23056*AF23^3)/1000000,3) -> 10.593 | G23: =AW23 -> 8.235 | H23: =ROUND((-174502023+4277428*AG23-35009.373*AG23^2+95.58911*AG23^3)/1000000-0.096,3) -> 3.249 | I23: =ROUND(IF(AH23<318,SUM(3.5242*AH23^2-2140.3*AH23+325031)/1000,SUM(70242780-813889.6*AH23+7928.716*AH23^2-35.20719*AH23^3+0.05082853*AH23^4)/1000000)-0.059,3) -> 2.366 | J23: =ROUND((-442650826+9751516.3*AI23-72042.8986*AI23^2+178.4049*AI23^3)/1000000,3)-0.071 -> 5.521 | K23: =ROUND(((4827852-139329.3*AJ23+2797.9*AJ23^2-98.98*AJ23^3+1.14*AJ23^4)/1000000),3)-0.05 -> 6.73 | L23: =ROUND((IF(AK23<424,SUM(5064.49*AK23^2-4133655.98*AK23+843517073.2),(7938.48*AK23^2-6579376.11*AK23+1363834719.7)))/1000000,3) -> 2.156 | M23: =ROUND((-8532018+1417757*AL23-72752.08*AL23^2+1191.92*AL23^3)/1000000,3) -> 0.149 | N23: =ROUND((-98293225+2791565*AM23-26671.1*AM23^2+85.56608*AM23^3)/1000000,3)-0.001 -> 1.896 | O23: =ROUND((-5101113+342273.3*AN23-5950.34*AN23^2+30.97425*AN23^3)/1000000,3)-0 -> 1.952 | P23: =ROUND((352562346-2208805*AO23+3459.655*AO23^2)/1000000,3)-0 -> 1.526 | Q23: =ROUND((426242189-1669663*AP23+1635.186*AP23^2)/1000000,3)+0.033 -> 1.43 | R23: =ROUND((2823894-25900.1*AQ23-1177.84*AQ23^2+13.979*AQ23^3)/1000000,3)-0.005 -> 0.99 | S23: =ROUND((-11518534+483790.5*AR23-6823.11*AR23^2+32.24883*AR23^3)/1000000,3)+0 -> 0.86 | T23: =ROUND((406066983-1465679*AS23+1322.517*AS23^2)/1000000,3)-0.001 -> 0.363 | U23: =ROUND((-13395930+388944*AT23-3702.68*AT23^2+11.59891*AT23^3)/1000000,3)-0 -> 0.298 | V23: =SUM(D23:U23) -> 107.708 | W23: =D23+H23+I23+J23+K23+L23+N23+M23 -> 61.612 | AB23: =B23 -> 16 | AC23: =C23 -> T | AD23: 216.18 | AE23: 62.43 | AF23: 150.81 | AG23: 154.95 | AH23: 329 | AI23: 163.46 | AJ23: 78.85 | AK23: 428.42 | AL23: =$AL$3+4.01 -> 26.75 | AM23: 130.2 | AN23: 111.08 | AO23: 340.15 | AP23: 539.5 | AQ23: 88.49 | AR23: 99.79 | AS23: 571.1 | AT23: 139.6 | AV23: 401.7 | AW23: 8.235 | AX23: 404.98 | AY23: 2.794 | AZ23: 397.8 | BA23: 2 | BB23: 359.5 | BC23: =(2261.87*BB23^2-1423337.72*BB23+223819398.05)/1000000 -> 4.454132 | BI23: 16 | BK23: =-4552010+77862.43*AD23-528.064*AD23^2+1.3857*AD23^3 -> 1601460.9 | BL23: =-3210651+145404.1*AE23-2052.163*AE23^2+14.3568*AE23^3 -> 1361925.9 | BM23: =IF(BK23<140,-737886.6-3612.887*AF23+84.47319*AF23^2,7040924-115283.7*AF23+485.2715*AF23^2) -> 691837.31 | BN23: =4001977-66502.13*AG23+275.558*AG23^2 -> 313482.45 | BO23: =12256870-84903.96*AH23+146.7551*AH23^2 -> 208385.94 | BP23: =9095248-135970.3*AI23+510.0572*AI23^2 -> 497848.61 | BQ23: =IF(BO23<73.2,-180.3+3.1*AJ23,312.46-10.83*AJ23+0.098*AJ23^2)*10000 -> 678121.05 | BR23: =(219.28*AK23^2-173172.2*AK23+34168761.89) -> 225789.71 | BS23: =5190570-498758.9*AL23+14528.53*AL23^2-112.5*AL23^3 -> 91444.775 | BT23: =(207.86-3.07416*AM23+0.00297*AM23^2+0.000073*AM23^3)*10000 -> 190742.86 | BU23: =(412.37-12.56*AN23+0.12278*AN23^2-0.000376*AN23^3)*10000 -> 168170.34 | BV23: =(5708324-41094.23*AO23+72.7745*AO23^2) -> 150278.5 | BW23: =(1307.749-5.30998*AP23+0.005386*AP23^2)*10000 -> 106652.97 | BX23: =(33.36079-1.57235*AQ23+0.020673*AQ23^2-0.000067*AQ23^3)*10000 -> 96774.683 | BY23: =(-106.619+3.872392*AR23-0.0491*AR23^2+0.000219*AR23^3)*10000 -> 84902.277 | BZ23: =(-2923.33+10.10447*AS23-0.00872*AS23^2)*10000 -> 32593.858 | CA23: =(149.6647-3.26844*AT23+0.02264*AT23^2-0.000048*AT23^3)*10000 -> 40161.559
B24: 17 | C24: F | D24: =ROUND(IF(AD24<205,SUM(-320030000,6636771*AD24,-46046*AD24^2,106.62*AD24^3),SUM(91660160,1216002*AD24,-22168*AD24^2,71.366*AD24^3))/1000000,3) -> 39.775 | E24: =ROUND((6669048.41-363409.186*AE24-307.876*AE24^2+152.3398*AE24^3)/1000000,3) -> 19.918 | F24: =ROUND((-98334930.2+3037042.21*AF24-30615.40767*AF24^2+101.23056*AF24^3)/1000000,3) -> 10.636 | G24: =AW24 -> 8.251 | H24: =ROUND((-174502023+4277428*AG24-35009.373*AG24^2+95.58911*AG24^3)/1000000-0.096,3) -> 3.297 | I24: =ROUND(IF(AH24<318,SUM(3.5242*AH24^2-2140.3*AH24+325031)/1000,SUM(70242780-813889.6*AH24+7928.716*AH24^2-35.20719*AH24^3+0.05082853*AH24^4)/1000000)-0.059,3) -> 2.38 | J24: =ROUND((-442650826+9751516.3*AI24-72042.8986*AI24^2+178.4049*AI24^3)/1000000,3)-0.071 -> 5.561 | K24: =ROUND(((4827852-139329.3*AJ24+2797.9*AJ24^2-98.98*AJ24^3+1.14*AJ24^4)/1000000),3)-0.05 -> 6.807 | L24: =ROUND((IF(AK24<424,SUM(5064.49*AK24^2-4133655.98*AK24+843517073.2),(7938.48*AK24^2-6579376.11*AK24+1363834719.7)))/1000000,3) -> 2.13 | M24: =ROUND((-8532018+1417757*AL24-72752.08*AL24^2+1191.92*AL24^3)/1000000,3) -> 0.149 | N24: =ROUND((-98293225+2791565*AM24-26671.1*AM24^2+85.56608*AM24^3)/1000000,3)-0.001 -> 1.906 | O24: =ROUND((-5101113+342273.3*AN24-5950.34*AN24^2+30.97425*AN24^3)/1000000,3)-0 -> 1.957 | P24: =ROUND((352562346-2208805*AO24+3459.655*AO24^2)/1000000,3)-0 -> 1.541 | Q24: =ROUND((426242189-1669663*AP24+1635.186*AP24^2)/1000000,3)+0.033 -> 1.43 | R24: =ROUND((2823894-25900.1*AQ24-1177.84*AQ24^2+13.979*AQ24^3)/1000000,3)-0.005 -> 0.99 | S24: =ROUND((-11518534+483790.5*AR24-6823.11*AR24^2+32.24883*AR24^3)/1000000,3)+0 -> 0.86 | T24: =ROUND((406066983-1465679*AS24+1322.517*AS24^2)/1000000,3)-0.001 -> 0.363 | U24: =ROUND((-13395930+388944*AT24-3702.68*AT24^2+11.59891*AT24^3)/1000000,3)-0 -> 0.298 | V24: =SUM(D24:U24) -> 108.249 | W24: =D24+H24+I24+J24+K24+L24+N24+M24 -> 62.005 | AB24: =B24 -> 17 | AC24: =C24 -> F | AD24: 216.32 | AE24: 62.48 | AF24: 150.87 | AG24: 155.1 | AH24: 329.07 | AI24: 163.54 | AJ24: 78.96 | AK24: 428.3 | AL24: =$AL$3+4.01 -> 26.75 | AM24: 130.25 | AN24: 111.11 | AO24: 340.25 | AP24: 539.5 | AQ24: 88.49 | AR24: 99.79 | AS24: 571.1 | AT24: 139.6 | AV24: 401.73 | AW24: 8.251 | AX24: 404.98 | AY24: 2.794 | AZ24: 397.8 | BA24: 2 | BB24: 359.5 | BC24: =(2261.87*BB24^2-1423337.72*BB24+223819398.05)/1000000 -> 4.454132 | BI24: 17 | BK24: =-4552010+77862.43*AD24-528.064*AD24^2+1.3857*AD24^3 -> 1607603.7 | BL24: =-3210651+145404.1*AE24-2052.163*AE24^2+14.3568*AE24^3 -> 1364779.4 | BM24: =IF(BK24<140,-737886.6-3612.887*AF24+84.47319*AF24^2,7040924-115283.7*AF24+485.2715*AF24^2) -> 693704.09 | BN24: =4001977-66502.13*AG24+275.558*AG24^2 -> 316322.64 | BO24: =12256870-84903.96*AH24+146.7551*AH24^2 -> 209202.92 | BP24: =9095248-135970.3*AI24+510.0572*AI24^2 -> 500314.09 | BQ24: =IF(BO24<73.2,-180.3+3.1*AJ24,312.46-10.83*AJ24+0.098*AJ24^2)*10000 -> 683219.97 | BR24: =(219.28*AK24^2-173172.2*AK24+34168761.89) -> 224026.99 | BS24: =5190570-498758.9*AL24+14528.53*AL24^2-112.5*AL24^3 -> 91444.775 | BT24: =(207.86-3.07416*AM24+0.00297*AM24^2+0.000073*AM24^3)*10000 -> 191449.51 | BU24: =(412.37-12.56*AN24+0.12278*AN24^2-0.000376*AN24^3)*10000 -> 168409.92 | BV24: =(5708324-41094.23*AO24+72.7745*AO24^2) -> 151120.66 | BW24: =(1307.749-5.30998*AP24+0.005386*AP24^2)*10000 -> 106652.97 | BX24: =(33.36079-1.57235*AQ24+0.020673*AQ24^2-0.000067*AQ24^3)*10000 -> 96774.683 | BY24: =(-106.619+3.872392*AR24-0.0491*AR24^2+0.000219*AR24^3)*10000 -> 84902.277 | BZ24: =(-2923.33+10.10447*AS24-0.00872*AS24^2)*10000 -> 32593.858 | CA24: =(149.6647-3.26844*AT24+0.02264*AT24^2-0.000048*AT24^3)*10000 -> 40161.559
B25: 18 | C25: S | AB25: =B25 -> 18 | AC25: =C25 -> S | BI25: 18 | BK25: =-4552010+77862.43*AD25-528.064*AD25^2+1.3857*AD25^3 -> -4552010 | BL25: =-3210651+145404.1*AE25-2052.163*AE25^2+14.3568*AE25^3 -> -3210651 | BM25: =IF(BK25<140,-737886.6-3612.887*AF25+84.47319*AF25^2,7040924-115283.7*AF25+485.2715*AF25^2) -> -737886.6 | BN25: =4001977-66502.13*AG25+275.558*AG25^2 -> 4001977 | BO25: =12256870-84903.96*AH25+146.7551*AH25^2 -> 12256870 | BP25: =9095248-135970.3*AI25+510.0572*AI25^2 -> 9095248 | BQ25: =IF(BO25<73.2,-180.3+3.1*AJ25,312.46-10.83*AJ25+0.098*AJ25^2)*10000 -> 3124600 | BR25: =(219.28*AK25^2-173172.2*AK25+34168761.89) -> 34168762 | BS25: =5190570-498758.9*AL25+14528.53*AL25^2-112.5*AL25^3 -> 5190570 | BT25: =(207.86-3.07416*AM25+0.00297*AM25^2+0.000073*AM25^3)*10000 -> 2078600 | BU25: =(412.37-12.56*AN25+0.12278*AN25^2-0.000376*AN25^3)*10000 -> 4123700 | BV25: =(5708324-41094.23*AO25+72.7745*AO25^2) -> 5708324 | BW25: =(1307.749-5.30998*AP25+0.005386*AP25^2)*10000 -> 13077490 | BX25: =(33.36079-1.57235*AQ25+0.020673*AQ25^2-0.000067*AQ25^3)*10000 -> 333607.9 | BY25: =(-106.619+3.872392*AR25-0.0491*AR25^2+0.000219*AR25^3)*10000 -> -1066190 | BZ25: =(-2923.33+10.10447*AS25-0.00872*AS25^2)*10000 -> -29233300 | CA25: =(149.6647-3.26844*AT25+0.02264*AT25^2-0.000048*AT25^3)*10000 -> 1496647
B26: 19 | C26: S | AB26: =B26 -> 19 | AC26: =C26 -> S | BI26: 19 | BK26: =-4552010+77862.43*AD26-528.064*AD26^2+1.3857*AD26^3 -> -4552010 | BL26: =-3210651+145404.1*AE26-2052.163*AE26^2+14.3568*AE26^3 -> -3210651 | BM26: =IF(BK26<140,-737886.6-3612.887*AF26+84.47319*AF26^2,7040924-115283.7*AF26+485.2715*AF26^2) -> -737886.6 | BN26: =4001977-66502.13*AG26+275.558*AG26^2 -> 4001977 | BO26: =12256870-84903.96*AH26+146.7551*AH26^2 -> 12256870 | BP26: =9095248-135970.3*AI26+510.0572*AI26^2 -> 9095248 | BQ26: =IF(BO26<73.2,-180.3+3.1*AJ26,312.46-10.83*AJ26+0.098*AJ26^2)*10000 -> 3124600 | BR26: =(219.28*AK26^2-173172.2*AK26+34168761.89) -> 34168762 | BS26: =5190570-498758.9*AL26+14528.53*AL26^2-112.5*AL26^3 -> 5190570 | BT26: =(207.86-3.07416*AM26+0.00297*AM26^2+0.000073*AM26^3)*10000 -> 2078600 | BU26: =(412.37-12.56*AN26+0.12278*AN26^2-0.000376*AN26^3)*10000 -> 4123700 | BV26: =(5708324-41094.23*AO26+72.7745*AO26^2) -> 5708324 | BW26: =(1307.749-5.30998*AP26+0.005386*AP26^2)*10000 -> 13077490 | BX26: =(33.36079-1.57235*AQ26+0.020673*AQ26^2-0.000067*AQ26^3)*10000 -> 333607.9 | BY26: =(-106.619+3.872392*AR26-0.0491*AR26^2+0.000219*AR26^3)*10000 -> -1066190 | BZ26: =(-2923.33+10.10447*AS26-0.00872*AS26^2)*10000 -> -29233300 | CA26: =(149.6647-3.26844*AT26+0.02264*AT26^2-0.000048*AT26^3)*10000 -> 1496647
B27: 20 | C27: M | D27: =ROUND(IF(AD27<205,SUM(-320030000,6636771*AD27,-46046*AD27^2,106.62*AD27^3),SUM(91660160,1216002*AD27,-22168*AD27^2,71.366*AD27^3))/1000000,3) -> 41.24 | E27: =ROUND((6669048.41-363409.186*AE27-307.876*AE27^2+152.3398*AE27^3)/1000000,3) -> 20.21 | F27: =ROUND((-98334930.2+3037042.21*AF27-30615.40767*AF27^2+101.23056*AF27^3)/1000000,3) -> 10.764 | G27: =AW27 -> 8.317 | H27: =ROUND((-174502023+4277428*AG27-35009.373*AG27^2+95.58911*AG27^3)/1000000-0.096,3) -> 3.47 | I27: =ROUND(IF(AH27<318,SUM(3.5242*AH27^2-2140.3*AH27+325031)/1000,SUM(70242780-813889.6*AH27+7928.716*AH27^2-35.20719*AH27^3+0.05082853*AH27^4)/1000000)-0.059,3) -> 2.419 | J27: =ROUND((-442650826+9751516.3*AI27-72042.8986*AI27^2+178.4049*AI27^3)/1000000,3)-0.071 -> 5.682 | K27: =ROUND(((4827852-139329.3*AJ27+2797.9*AJ27^2-98.98*AJ27^3+1.14*AJ27^4)/1000000),3)-0.05 -> 7.039 | L27: =ROUND((IF(AK27<424,SUM(5064.49*AK27^2-4133655.98*AK27+843517073.2),(7938.48*AK27^2-6579376.11*AK27+1363834719.7)))/1000000,3) -> 1.501 | M27: =ROUND((-8532018+1417757*AL27-72752.08*AL27^2+1191.92*AL27^3)/1000000,3) -> 0.149 | N27: =ROUND((-98293225+2791565*AM27-26671.1*AM27^2+85.56608*AM27^3)/1000000,3)-0.001 -> 1.921 | O27: =ROUND((-5101113+342273.3*AN27-5950.34*AN27^2+30.97425*AN27^3)/1000000,3)-0 -> 1.974 | P27: =ROUND((352562346-2208805*AO27+3459.655*AO27^2)/1000000,3)-0 -> 1.6 | Q27: =ROUND((426242189-1669663*AP27+1635.186*AP27^2)/1000000,3)+0.033 -> 1.425 | R27: =ROUND((2823894-25900.1*AQ27-1177.84*AQ27^2+13.979*AQ27^3)/1000000,3)-0.005 -> 0.99 | S27: =ROUND((-11518534+483790.5*AR27-6823.11*AR27^2+32.24883*AR27^3)/1000000,3)+0 -> 0.86 | T27: =ROUND((406066983-1465679*AS27+1322.517*AS27^2)/1000000,3)-0.001 -> 0.363 | U27: =ROUND((-13395930+388944*AT27-3702.68*AT27^2+11.59891*AT27^3)/1000000,3)-0 -> 0.298 | V27: =SUM(D27:U27) -> 110.222 | W27: =D27+H27+I27+J27+K27+L27+N27+M27 -> 63.421 | AB27: =B27 -> 20 | AC27: =C27 -> M | AD27: 217.2 | AE27: 62.69 | AF27: 151.05 | AG27: 155.64 | AH27: 329.25 | AI27: 163.78 | AJ27: 79.29 | AK27: 425.08 | AL27: =$AL$3+4.01 -> 26.75 | AM27: 130.33 | AN27: 111.21 | AO27: 340.65 | AP27: 539.45 | AQ27: 88.49 | AR27: 99.79 | AS27: 571.1 | AT27: 139.6 | AV27: 401.85 | AW27: 8.317 | AX27: 405 | AY27: 2.8 | AZ27: 397.8 | BA27: 2 | BB27: 359.5 | BC27: =(2261.87*BB27^2-1423337.72*BB27+223819398.05)/1000000 -> 4.454132 | BI27: 20 | BK27: =-4552010+77862.43*AD27-528.064*AD27^2+1.3857*AD27^3 -> 1646550.2 | BL27: =-3210651+145404.1*AE27-2052.163*AE27^2+14.3568*AE27^3 -> 1376799.1 | BM27: =IF(BK27<140,-737886.6-3612.887*AF27+84.47319*AF27^2,7040924-115283.7*AF27+485.2715*AF27^2) -> 699325.4 | BN27: =4001977-66502.13*AG27+275.558*AG27^2 -> 326650.01 | BO27: =12256870-84903.96*AH27+146.7551*AH27^2 -> 211310.34 | BP27: =9095248-135970.3*AI27+510.0572*AI27^2 -> 507749.68 | BQ27: =IF(BO27<73.2,-180.3+3.1*AJ27,312.46-10.83*AJ27+0.098*AJ27^2)*10000 -> 698659.02 | BR27: =(219.28*AK27^2-173172.2*AK27+34168761.89) -> 179085.56 | BS27: =5190570-498758.9*AL27+14528.53*AL27^2-112.5*AL27^3 -> 91444.775 | BT27: =(207.86-3.07416*AM27+0.00297*AM27^2+0.000073*AM27^3)*10000 -> 192583.43 | BU27: =(412.37-12.56*AN27+0.12278*AN27^2-0.000376*AN27^3)*10000 -> 169208.19 | BV27: =(5708324-41094.23*AO27+72.7745*AO27^2) -> 154503.83 | BW27: =(1307.749-5.30998*AP27+0.005386*AP27^2)*10000 -> 106402.34 | BX27: =(33.36079-1.57235*AQ27+0.020673*AQ27^2-0.000067*AQ27^3)*10000 -> 96774.683 | BY27: =(-106.619+3.872392*AR27-0.0491*AR27^2+0.000219*AR27^3)*10000 -> 84902.277 | BZ27: =(-2923.33+10.10447*AS27-0.00872*AS27^2)*10000 -> 32593.858 | CA27: =(149.6647-3.26844*AT27+0.02264*AT27^2-0.000048*AT27^3)*10000 -> 40161.559
B28: 21 | C28: T | D28: =ROUND(IF(AD28<205,SUM(-320030000,6636771*AD28,-46046*AD28^2,106.62*AD28^3),SUM(91660160,1216002*AD28,-22168*AD28^2,71.366*AD28^3))/1000000,3) -> 41.477 | E28: =ROUND((6669048.41-363409.186*AE28-307.876*AE28^2+152.3398*AE28^3)/1000000,3) -> 20.293 | F28: =ROUND((-98334930.2+3037042.21*AF28-30615.40767*AF28^2+101.23056*AF28^3)/1000000,3) -> 10.807 | G28: =AW28 -> 8.333 | H28: =ROUND((-174502023+4277428*AG28-35009.373*AG28^2+95.58911*AG28^3)/1000000-0.096,3) -> 3.509 | I28: =ROUND(IF(AH28<318,SUM(3.5242*AH28^2-2140.3*AH28+325031)/1000,SUM(70242780-813889.6*AH28+7928.716*AH28^2-35.20719*AH28^3+0.05082853*AH28^4)/1000000)-0.059,3) -> 2.43 | J28: =ROUND((-442650826+9751516.3*AI28-72042.8986*AI28^2+178.4049*AI28^3)/1000000,3)-0.071 -> 5.718 | K28: =ROUND(((4827852-139329.3*AJ28+2797.9*AJ28^2-98.98*AJ28^3+1.14*AJ28^4)/1000000),3)-0.05 -> 7.074 | L28: =ROUND((IF(AK28<424,SUM(5064.49*AK28^2-4133655.98*AK28+843517073.2),(7938.48*AK28^2-6579376.11*AK28+1363834719.7)))/1000000,3) -> 1.51 | M28: =ROUND((-8532018+1417757*AL28-72752.08*AL28^2+1191.92*AL28^3)/1000000,3) -> 0.149 | N28: =ROUND((-98293225+2791565*AM28-26671.1*AM28^2+85.56608*AM28^3)/1000000,3)-0.001 -> 1.933 | O28: =ROUND((-5101113+342273.3*AN28-5950.34*AN28^2+30.97425*AN28^3)/1000000,3)-0 -> 1.974 | P28: =ROUND((352562346-2208805*AO28+3459.655*AO28^2)/1000000,3)-0 -> 1.622 | Q28: =ROUND((426242189-1669663*AP28+1635.186*AP28^2)/1000000,3)+0.033 -> 1.426 | R28: =ROUND((2823894-25900.1*AQ28-1177.84*AQ28^2+13.979*AQ28^3)/1000000,3)-0.005 -> 0.99 | S28: =ROUND((-11518534+483790.5*AR28-6823.11*AR28^2+32.24883*AR28^3)/1000000,3)+0 -> 0.86 | T28: =ROUND((406066983-1465679*AS28+1322.517*AS28^2)/1000000,3)-0.001 -> 0.363 | U28: =ROUND((-13395930+388944*AT28-3702.68*AT28^2+11.59891*AT28^3)/1000000,3)-0 -> 0.298 | V28: =SUM(D28:U28) -> 110.766 | W28: =D28+H28+I28+J28+K28+L28+N28+M28 -> 63.8 | AB28: =B28 -> 21 | AC28: =C28 -> T | AD28: 217.34 | AE28: 62.75 | AF28: 151.11 | AG28: 155.76 | AH28: 329.3 | AI28: 163.85 | AJ28: 79.34 | AK28: 425.13 | AL28: =$AL$3+4.01 -> 26.75 | AM28: 130.39 | AN28: 111.21 | AO28: 340.8 | AP28: 539.46 | AQ28: 88.49 | AR28: 99.79 | AS28: 571.1 | AT28: 139.6 | AV28: 401.88 | AW28: 8.333 | AX28: 405 | AY28: 2.8 | AZ28: 397.8 | BA28: 2 | BB28: 359.5 | BC28: =(2261.87*BB28^2-1423337.72*BB28+223819398.05)/1000000 -> 4.454132 | BI28: 21 | BK28: =-4552010+77862.43*AD28-528.064*AD28^2+1.3857*AD28^3 -> 1652799.6 | BL28: =-3210651+145404.1*AE28-2052.163*AE28^2+14.3568*AE28^3 -> 1380243.7 | BM28: =IF(BK28<140,-737886.6-3612.887*AF28+84.47319*AF28^2,7040924-115283.7*AF28+485.2715*AF28^2) -> 701206.16 | BN28: =4001977-66502.13*AG28+275.558*AG28^2 -> 328966.81 | BO28: =12256870-84903.96*AH28+146.7551*AH28^2 -> 211897.42 | BP28: =9095248-135970.3*AI28+510.0572*AI28^2 -> 509929.46 | BQ28: =IF(BO28<73.2,-180.3+3.1*AJ28,312.46-10.83*AJ28+0.098*AJ28^2)*10000 -> 701016.89 | BR28: =(219.28*AK28^2-173172.2*AK28+34168761.89) -> 179748.65 | BS28: =5190570-498758.9*AL28+14528.53*AL28^2-112.5*AL28^3 -> 91444.775 | BT28: =(207.86-3.07416*AM28+0.00297*AM28^2+0.000073*AM28^3)*10000 -> 193436.51 | BU28: =(412.37-12.56*AN28+0.12278*AN28^2-0.000376*AN28^3)*10000 -> 169208.19 | BV28: =(5708324-41094.23*AO28+72.7745*AO28^2) -> 155778.52 | BW28: =(1307.749-5.30998*AP28+0.005386*AP28^2)*10000 -> 106452.45 | BX28: =(33.36079-1.57235*AQ28+0.020673*AQ28^2-0.000067*AQ28^3)*10000 -> 96774.683 | BY28: =(-106.619+3.872392*AR28-0.0491*AR28^2+0.000219*AR28^3)*10000 -> 84902.277 | BZ28: =(-2923.33+10.10447*AS28-0.00872*AS28^2)*10000 -> 32593.858 | CA28: =(149.6647-3.26844*AT28+0.02264*AT28^2-0.000048*AT28^3)*10000 -> 40161.559
B29: 22 | C29: W | D29: =ROUND(IF(AD29<205,SUM(-320030000,6636771*AD29,-46046*AD29^2,106.62*AD29^3),SUM(91660160,1216002*AD29,-22168*AD29^2,71.366*AD29^3))/1000000,3) -> 41.68 | E29: =ROUND((6669048.41-363409.186*AE29-307.876*AE29^2+152.3398*AE29^3)/1000000,3) -> 20.335 | F29: =ROUND((-98334930.2+3037042.21*AF29-30615.40767*AF29^2+101.23056*AF29^3)/1000000,3) -> 10.85 | G29: =AW29 -> 8.344 | H29: =ROUND((-174502023+4277428*AG29-35009.373*AG29^2+95.58911*AG29^3)/1000000-0.096,3) -> 3.542 | I29: =ROUND(IF(AH29<318,SUM(3.5242*AH29^2-2140.3*AH29+325031)/1000,SUM(70242780-813889.6*AH29+7928.716*AH29^2-35.20719*AH29^3+0.05082853*AH29^4)/1000000)-0.059,3) -> 2.438 | J29: =ROUND((-442650826+9751516.3*AI29-72042.8986*AI29^2+178.4049*AI29^3)/1000000,3)-0.071 -> 5.744 | K29: =ROUND(((4827852-139329.3*AJ29+2797.9*AJ29^2-98.98*AJ29^3+1.14*AJ29^4)/1000000),3)-0.05 -> 7.103 | L29: =ROUND((IF(AK29<424,SUM(5064.49*AK29^2-4133655.98*AK29+843517073.2),(7938.48*AK29^2-6579376.11*AK29+1363834719.7)))/1000000,3) -> 1.517 | M29: =ROUND((-8532018+1417757*AL29-72752.08*AL29^2+1191.92*AL29^3)/1000000,3) -> 0.149 | N29: =ROUND((-98293225+2791565*AM29-26671.1*AM29^2+85.56608*AM29^3)/1000000,3)-0.001 -> 1.944 | O29: =ROUND((-5101113+342273.3*AN29-5950.34*AN29^2+30.97425*AN29^3)/1000000,3)-0 -> 1.974 | P29: =ROUND((352562346-2208805*AO29+3459.655*AO29^2)/1000000,3)-0 -> 1.629 | Q29: =ROUND((426242189-1669663*AP29+1635.186*AP29^2)/1000000,3)+0.033 -> 1.428 | R29: =ROUND((2823894-25900.1*AQ29-1177.84*AQ29^2+13.979*AQ29^3)/1000000,3)-0.005 -> 0.99 | S29: =ROUND((-11518534+483790.5*AR29-6823.11*AR29^2+32.24883*AR29^3)/1000000,3)+0 -> 0.86 | T29: =ROUND((406066983-1465679*AS29+1322.517*AS29^2)/1000000,3)-0.001 -> 0.363 | U29: =ROUND((-13395930+388944*AT29-3702.68*AT29^2+11.59891*AT29^3)/1000000,3)-0 -> 0.298 | V29: =SUM(D29:U29) -> 111.188 | W29: =D29+H29+I29+J29+K29+L29+N29+M29 -> 64.117 | AB29: =B29 -> 22 | AC29: =C29 -> W | AD29: 217.46 | AE29: 62.78 | AF29: 151.17 | AG29: 155.86 | AH29: 329.34 | AI29: 163.9 | AJ29: 79.38 | AK29: 425.17 | AL29: =$AL$3+4.01 -> 26.75 | AM29: 130.44 | AN29: 111.21 | AO29: 340.85 | AP29: 539.48 | AQ29: 88.49 | AR29: 99.79 | AS29: 571.1 | AT29: 139.6 | AV29: 401.9 | AW29: 8.344 | AX29: 405 | AY29: 2.8 | AZ29: 397.8 | BA29: 2 | BB29: 359.5 | BC29: =(2261.87*BB29^2-1423337.72*BB29+223819398.05)/1000000 -> 4.454132 | BI29: 22 | BK29: =-4552010+77862.43*AD29-528.064*AD29^2+1.3857*AD29^3 -> 1658167.9 | BL29: =-3210651+145404.1*AE29-2052.163*AE29^2+14.3568*AE29^3 -> 1381967.8 | BM29: =IF(BK29<140,-737886.6-3612.887*AF29+84.47319*AF29^2,7040924-115283.7*AF29+485.2715*AF29^2) -> 703090.41 | BN29: =4001977-66502.13*AG29+275.558*AG29^2 -> 330903.53 | BO29: =12256870-84903.96*AH29+146.7551*AH29^2 -> 212367.61 | BP29: =9095248-135970.3*AI29+510.0572*AI29^2 -> 511489.51 | BQ29: =IF(BO29<73.2,-180.3+3.1*AJ29,312.46-10.83*AJ29+0.098*AJ29^2)*10000 -> 702906.71 | BR29: =(219.28*AK29^2-173172.2*AK29+34168761.89) -> 180279.91 | BS29: =5190570-498758.9*AL29+14528.53*AL29^2-112.5*AL29^3 -> 91444.775 | BT29: =(207.86-3.07416*AM29+0.00297*AM29^2+0.000073*AM29^3)*10000 -> 194149.15 | BU29: =(412.37-12.56*AN29+0.12278*AN29^2-0.000376*AN29^3)*10000 -> 169208.19 | BV29: =(5708324-41094.23*AO29+72.7745*AO29^2) -> 156204.15 | BW29: =(1307.749-5.30998*AP29+0.005386*AP29^2)*10000 -> 106552.68 | BX29: =(33.36079-1.57235*AQ29+0.020673*AQ29^2-0.000067*AQ29^3)*10000 -> 96774.683 | BY29: =(-106.619+3.872392*AR29-0.0491*AR29^2+0.000219*AR29^3)*10000 -> 84902.277 | BZ29: =(-2923.33+10.10447*AS29-0.00872*AS29^2)*10000 -> 32593.858 | CA29: =(149.6647-3.26844*AT29+0.02264*AT29^2-0.000048*AT29^3)*10000 -> 40161.559
B30: 23 | C30: T | D30: =ROUND(IF(AD30<205,SUM(-320030000,6636771*AD30,-46046*AD30^2,106.62*AD30^3),SUM(91660160,1216002*AD30,-22168*AD30^2,71.366*AD30^3))/1000000,3) -> 41.867 | E30: =ROUND((6669048.41-363409.186*AE30-307.876*AE30^2+152.3398*AE30^3)/1000000,3) -> 20.377 | F30: =ROUND((-98334930.2+3037042.21*AF30-30615.40767*AF30^2+101.23056*AF30^3)/1000000,3) -> 10.887 | G30: =AW30 -> 8.355 | H30: =ROUND((-174502023+4277428*AG30-35009.373*AG30^2+95.58911*AG30^3)/1000000-0.096,3) -> 3.572 | I30: =ROUND(IF(AH30<318,SUM(3.5242*AH30^2-2140.3*AH30+325031)/1000,SUM(70242780-813889.6*AH30+7928.716*AH30^2-35.20719*AH30^3+0.05082853*AH30^4)/1000000)-0.059,3) -> 2.445 | J30: =ROUND((-442650826+9751516.3*AI30-72042.8986*AI30^2+178.4049*AI30^3)/1000000,3)-0.071 -> 5.764 | K30: =ROUND(((4827852-139329.3*AJ30+2797.9*AJ30^2-98.98*AJ30^3+1.14*AJ30^4)/1000000),3)-0.05 -> 7.132 | L30: =ROUND((IF(AK30<424,SUM(5064.49*AK30^2-4133655.98*AK30+843517073.2),(7938.48*AK30^2-6579376.11*AK30+1363834719.7)))/1000000,3) -> 1.517 | M30: =ROUND((-8532018+1417757*AL30-72752.08*AL30^2+1191.92*AL30^3)/1000000,3) -> 0.149 | N30: =ROUND((-98293225+2791565*AM30-26671.1*AM30^2+85.56608*AM30^3)/1000000,3)-0.001 -> 1.948 | O30: =ROUND((-5101113+342273.3*AN30-5950.34*AN30^2+30.97425*AN30^3)/1000000,3)-0 -> 1.974 | P30: =ROUND((352562346-2208805*AO30+3459.655*AO30^2)/1000000,3)-0 -> 1.637 | Q30: =ROUND((426242189-1669663*AP30+1635.186*AP30^2)/1000000,3)+0.033 -> 1.43 | R30: =ROUND((2823894-25900.1*AQ30-1177.84*AQ30^2+13.979*AQ30^3)/1000000,3)-0.005 -> 0.99 | S30: =ROUND((-11518534+483790.5*AR30-6823.11*AR30^2+32.24883*AR30^3)/1000000,3)+0 -> 0.86 | T30: =ROUND((406066983-1465679*AS30+1322.517*AS30^2)/1000000,3)-0.001 -> 0.363 | U30: =ROUND((-13395930+388944*AT30-3702.68*AT30^2+11.59891*AT30^3)/1000000,3)-0 -> 0.298 | V30: =SUM(D30:U30) -> 111.565 | W30: =D30+H30+I30+J30+K30+L30+N30+M30 -> 64.394 | AB30: =B30 -> 23 | AC30: =C30 -> T | AD30: 217.57 | AE30: 62.81 | AF30: 151.22 | AG30: 155.95 | AH30: 329.37 | AI30: 163.94 | AJ30: 79.42 | AK30: 425.17 | AL30: =$AL$3+4.01 -> 26.75 | AM30: 130.46 | AN30: 111.21 | AO30: 340.9 | AP30: 539.5 | AQ30: 88.49 | AR30: 99.79 | AS30: 571.1 | AT30: 139.6 | AV30: 401.92 | AW30: 8.355 | AX30: 405 | AY30: 2.8 | AZ30: 397.8 | BA30: 2 | BB30: 359.5 | BC30: =(2261.87*BB30^2-1423337.72*BB30+223819398.05)/1000000 -> 4.454132 | BI30: 23 | BK30: =-4552010+77862.43*AD30-528.064*AD30^2+1.3857*AD30^3 -> 1663098.4 | BL30: =-3210651+145404.1*AE30-2052.163*AE30^2+14.3568*AE30^3 -> 1383693.1 | BM30: =IF(BK30<140,-737886.6-3612.887*AF30+84.47319*AF30^2,7040924-115283.7*AF30+485.2715*AF30^2) -> 704663.28 | BN30: =4001977-66502.13*AG30+275.558*AG30^2 -> 332651.3 | BO30: =12256870-84903.96*AH30+146.7551*AH30^2 -> 212720.56 | BP30: =9095248-135970.3*AI30+510.0572*AI30^2 -> 512739.38 | BQ30: =IF(BO30<73.2,-180.3+3.1*AJ30,312.46-10.83*AJ30+0.098*AJ30^2)*10000 -> 704799.67 | BR30: =(219.28*AK30^2-173172.2*AK30+34168761.89) -> 180279.91 | BS30: =5190570-498758.9*AL30+14528.53*AL30^2-112.5*AL30^3 -> 91444.775 | BT30: =(207.86-3.07416*AM30+0.00297*AM30^2+0.000073*AM30^3)*10000 -> 194434.64 | BU30: =(412.37-12.56*AN30+0.12278*AN30^2-0.000376*AN30^3)*10000 -> 169208.19 | BV30: =(5708324-41094.23*AO30+72.7745*AO30^2) -> 156630.13 | BW30: =(1307.749-5.30998*AP30+0.005386*AP30^2)*10000 -> 106652.97 | BX30: =(33.36079-1.57235*AQ30+0.020673*AQ30^2-0.000067*AQ30^3)*10000 -> 96774.683 | BY30: =(-106.619+3.872392*AR30-0.0491*AR30^2+0.000219*AR30^3)*10000 -> 84902.277 | BZ30: =(-2923.33+10.10447*AS30-0.00872*AS30^2)*10000 -> 32593.858 | CA30: =(149.6647-3.26844*AT30+0.02264*AT30^2-0.000048*AT30^3)*10000 -> 40161.559
B31: 24 | C31: F | AB31: =B31 -> 24 | AC31: =C31 -> F | BI31: 24 | BK31: =-4552010+77862.43*AD31-528.064*AD31^2+1.3857*AD31^3 -> -4552010 | BL31: =-3210651+145404.1*AE31-2052.163*AE31^2+14.3568*AE31^3 -> -3210651 | BM31: =IF(BK31<140,-737886.6-3612.887*AF31+84.47319*AF31^2,7040924-115283.7*AF31+485.2715*AF31^2) -> -737886.6 | BN31: =4001977-66502.13*AG31+275.558*AG31^2 -> 4001977 | BO31: =12256870-84903.96*AH31+146.7551*AH31^2 -> 12256870 | BP31: =9095248-135970.3*AI31+510.0572*AI31^2 -> 9095248 | BQ31: =IF(BO31<73.2,-180.3+3.1*AJ31,312.46-10.83*AJ31+0.098*AJ31^2)*10000 -> 3124600 | BR31: =(219.28*AK31^2-173172.2*AK31+34168761.89) -> 34168762 | BS31: =5190570-498758.9*AL31+14528.53*AL31^2-112.5*AL31^3 -> 5190570 | BT31: =(207.86-3.07416*AM31+0.00297*AM31^2+0.000073*AM31^3)*10000 -> 2078600 | BU31: =(412.37-12.56*AN31+0.12278*AN31^2-0.000376*AN31^3)*10000 -> 4123700 | BV31: =(5708324-41094.23*AO31+72.7745*AO31^2) -> 5708324 | BW31: =(1307.749-5.30998*AP31+0.005386*AP31^2)*10000 -> 13077490 | BX31: =(33.36079-1.57235*AQ31+0.020673*AQ31^2-0.000067*AQ31^3)*10000 -> 333607.9 | BY31: =(-106.619+3.872392*AR31-0.0491*AR31^2+0.000219*AR31^3)*10000 -> -1066190 | BZ31: =(-2923.33+10.10447*AS31-0.00872*AS31^2)*10000 -> -29233300 | CA31: =(149.6647-3.26844*AT31+0.02264*AT31^2-0.000048*AT31^3)*10000 -> 1496647
B32: 25 | C32: S | AB32: =B32 -> 25 | AC32: =C32 -> S | BI32: 25 | BK32: =-4552010+77862.43*AD32-528.064*AD32^2+1.3857*AD32^3 -> -4552010 | BL32: =-3210651+145404.1*AE32-2052.163*AE32^2+14.3568*AE32^3 -> -3210651 | BM32: =IF(BK32<140,-737886.6-3612.887*AF32+84.47319*AF32^2,7040924-115283.7*AF32+485.2715*AF32^2) -> -737886.6 | BN32: =4001977-66502.13*AG32+275.558*AG32^2 -> 4001977 | BO32: =12256870-84903.96*AH32+146.7551*AH32^2 -> 12256870 | BP32: =9095248-135970.3*AI32+510.0572*AI32^2 -> 9095248 | BQ32: =IF(BO32<73.2,-180.3+3.1*AJ32,312.46-10.83*AJ32+0.098*AJ32^2)*10000 -> 3124600 | BR32: =(219.28*AK32^2-173172.2*AK32+34168761.89) -> 34168762 | BS32: =5190570-498758.9*AL32+14528.53*AL32^2-112.5*AL32^3 -> 5190570 | BT32: =(207.86-3.07416*AM32+0.00297*AM32^2+0.000073*AM32^3)*10000 -> 2078600 | BU32: =(412.37-12.56*AN32+0.12278*AN32^2-0.000376*AN32^3)*10000 -> 4123700 | BV32: =(5708324-41094.23*AO32+72.7745*AO32^2) -> 5708324 | BW32: =(1307.749-5.30998*AP32+0.005386*AP32^2)*10000 -> 13077490 | BX32: =(33.36079-1.57235*AQ32+0.020673*AQ32^2-0.000067*AQ32^3)*10000 -> 333607.9 | BY32: =(-106.619+3.872392*AR32-0.0491*AR32^2+0.000219*AR32^3)*10000 -> -1066190 | BZ32: =(-2923.33+10.10447*AS32-0.00872*AS32^2)*10000 -> -29233300 | CA32: =(149.6647-3.26844*AT32+0.02264*AT32^2-0.000048*AT32^3)*10000 -> 1496647
B33: 26 | C33: S | AB33: =B33 -> 26 | AC33: =C33 -> S | BI33: 26 | BK33: =-4552010+77862.43*AD33-528.064*AD33^2+1.3857*AD33^3 -> -4552010 | BL33: =-3210651+145404.1*AE33-2052.163*AE33^2+14.3568*AE33^3 -> -3210651 | BM33: =IF(BK33<140,-737886.6-3612.887*AF33+84.47319*AF33^2,7040924-115283.7*AF33+485.2715*AF33^2) -> -737886.6 | BN33: =4001977-66502.13*AG33+275.558*AG33^2 -> 4001977 | BO33: =12256870-84903.96*AH33+146.7551*AH33^2 -> 12256870 | BP33: =9095248-135970.3*AI33+510.0572*AI33^2 -> 9095248 | BQ33: =IF(BO33<73.2,-180.3+3.1*AJ33,312.46-10.83*AJ33+0.098*AJ33^2)*10000 -> 3124600 | BR33: =(219.28*AK33^2-173172.2*AK33+34168761.89) -> 34168762 | BS33: =5190570-498758.9*AL33+14528.53*AL33^2-112.5*AL33^3 -> 5190570 | BT33: =(207.86-3.07416*AM33+0.00297*AM33^2+0.000073*AM33^3)*10000 -> 2078600 | BU33: =(412.37-12.56*AN33+0.12278*AN33^2-0.000376*AN33^3)*10000 -> 4123700 | BV33: =(5708324-41094.23*AO33+72.7745*AO33^2) -> 5708324 | BW33: =(1307.749-5.30998*AP33+0.005386*AP33^2)*10000 -> 13077490 | BX33: =(33.36079-1.57235*AQ33+0.020673*AQ33^2-0.000067*AQ33^3)*10000 -> 333607.9 | BY33: =(-106.619+3.872392*AR33-0.0491*AR33^2+0.000219*AR33^3)*10000 -> -1066190 | BZ33: =(-2923.33+10.10447*AS33-0.00872*AS33^2)*10000 -> -29233300 | CA33: =(149.6647-3.26844*AT33+0.02264*AT33^2-0.000048*AT33^3)*10000 -> 1496647
B34: 27 | C34: M | AB34: =B34 -> 27 | AC34: =C34 -> M | BI34: 27 | BK34: =-4552010+77862.43*AD34-528.064*AD34^2+1.3857*AD34^3 -> -4552010 | BL34: =-3210651+145404.1*AE34-2052.163*AE34^2+14.3568*AE34^3 -> -3210651 | BM34: =IF(BK34<140,-737886.6-3612.887*AF34+84.47319*AF34^2,7040924-115283.7*AF34+485.2715*AF34^2) -> -737886.6 | BN34: =4001977-66502.13*AG34+275.558*AG34^2 -> 4001977 | BO34: =12256870-84903.96*AH34+146.7551*AH34^2 -> 12256870 | BP34: =9095248-135970.3*AI34+510.0572*AI34^2 -> 9095248 | BQ34: =IF(BO34<73.2,-180.3+3.1*AJ34,312.46-10.83*AJ34+0.098*AJ34^2)*10000 -> 3124600 | BR34: =(219.28*AK34^2-173172.2*AK34+34168761.89) -> 34168762 | BS34: =5190570-498758.9*AL34+14528.53*AL34^2-112.5*AL34^3 -> 5190570 | BT34: =(207.86-3.07416*AM34+0.00297*AM34^2+0.000073*AM34^3)*10000 -> 2078600 | BU34: =(412.37-12.56*AN34+0.12278*AN34^2-0.000376*AN34^3)*10000 -> 4123700 | BV34: =(5708324-41094.23*AO34+72.7745*AO34^2) -> 5708324 | BW34: =(1307.749-5.30998*AP34+0.005386*AP34^2)*10000 -> 13077490 | BX34: =(33.36079-1.57235*AQ34+0.020673*AQ34^2-0.000067*AQ34^3)*10000 -> 333607.9 | BY34: =(-106.619+3.872392*AR34-0.0491*AR34^2+0.000219*AR34^3)*10000 -> -1066190 | BZ34: =(-2923.33+10.10447*AS34-0.00872*AS34^2)*10000 -> -29233300 | CA34: =(149.6647-3.26844*AT34+0.02264*AT34^2-0.000048*AT34^3)*10000 -> 1496647
B35: 28 | C35: T | AB35: =B35 -> 28 | AC35: =C35 -> T | BI35: 28 | BK35: =-4552010+77862.43*AD35-528.064*AD35^2+1.3857*AD35^3 -> -4552010 | BL35: =-3210651+145404.1*AE35-2052.163*AE35^2+14.3568*AE35^3 -> -3210651 | BM35: =IF(BK35<140,-737886.6-3612.887*AF35+84.47319*AF35^2,7040924-115283.7*AF35+485.2715*AF35^2) -> -737886.6 | BN35: =4001977-66502.13*AG35+275.558*AG35^2 -> 4001977 | BO35: =12256870-84903.96*AH35+146.7551*AH35^2 -> 12256870 | BP35: =9095248-135970.3*AI35+510.0572*AI35^2 -> 9095248 | BQ35: =IF(BO35<73.2,-180.3+3.1*AJ35,312.46-10.83*AJ35+0.098*AJ35^2)*10000 -> 3124600 | BR35: =(219.28*AK35^2-173172.2*AK35+34168761.89) -> 34168762 | BS35: =5190570-498758.9*AL35+14528.53*AL35^2-112.5*AL35^3 -> 5190570 | BT35: =(207.86-3.07416*AM35+0.00297*AM35^2+0.000073*AM35^3)*10000 -> 2078600 | BU35: =(412.37-12.56*AN35+0.12278*AN35^2-0.000376*AN35^3)*10000 -> 4123700 | BV35: =(5708324-41094.23*AO35+72.7745*AO35^2) -> 5708324 | BW35: =(1307.749-5.30998*AP35+0.005386*AP35^2)*10000 -> 13077490 | BX35: =(33.36079-1.57235*AQ35+0.020673*AQ35^2-0.000067*AQ35^3)*10000 -> 333607.9 | BY35: =(-106.619+3.872392*AR35-0.0491*AR35^2+0.000219*AR35^3)*10000 -> -1066190 | BZ35: =(-2923.33+10.10447*AS35-0.00872*AS35^2)*10000 -> -29233300 | CA35: =(149.6647-3.26844*AT35+0.02264*AT35^2-0.000048*AT35^3)*10000 -> 1496647
B36: 29 | C36: W | AB36: =B36 -> 29 | AC36: =C36 -> W | BI36: 29 | BK36: =-4552010+77862.43*AD36-528.064*AD36^2+1.3857*AD36^3 -> -4552010 | BL36: =-3210651+145404.1*AE36-2052.163*AE36^2+14.3568*AE36^3 -> -3210651 | BM36: =IF(BK36<140,-737886.6-3612.887*AF36+84.47319*AF36^2,7040924-115283.7*AF36+485.2715*AF36^2) -> -737886.6 | BN36: =4001977-66502.13*AG36+275.558*AG36^2 -> 4001977 | BO36: =12256870-84903.96*AH36+146.7551*AH36^2 -> 12256870 | BP36: =9095248-135970.3*AI36+510.0572*AI36^2 -> 9095248 | BQ36: =IF(BO36<73.2,-180.3+3.1*AJ36,312.46-10.83*AJ36+0.098*AJ36^2)*10000 -> 3124600 | BR36: =(219.28*AK36^2-173172.2*AK36+34168761.89) -> 34168762 | BS36: =5190570-498758.9*AL36+14528.53*AL36^2-112.5*AL36^3 -> 5190570 | BT36: =(207.86-3.07416*AM36+0.00297*AM36^2+0.000073*AM36^3)*10000 -> 2078600 | BU36: =(412.37-12.56*AN36+0.12278*AN36^2-0.000376*AN36^3)*10000 -> 4123700 | BV36: =(5708324-41094.23*AO36+72.7745*AO36^2) -> 5708324 | BW36: =(1307.749-5.30998*AP36+0.005386*AP36^2)*10000 -> 13077490 | BX36: =(33.36079-1.57235*AQ36+0.020673*AQ36^2-0.000067*AQ36^3)*10000 -> 333607.9 | BY36: =(-106.619+3.872392*AR36-0.0491*AR36^2+0.000219*AR36^3)*10000 -> -1066190 | BZ36: =(-2923.33+10.10447*AS36-0.00872*AS36^2)*10000 -> -29233300 | CA36: =(149.6647-3.26844*AT36+0.02264*AT36^2-0.000048*AT36^3)*10000 -> 1496647
B37: 30 | C37: T | AB37: =B37 -> 30 | AC37: =C37 -> T | BI37: 30 | BK37: =-4552010+77862.43*AD37-528.064*AD37^2+1.3857*AD37^3 -> -4552010 | BL37: =-3210651+145404.1*AE37-2052.163*AE37^2+14.3568*AE37^3 -> -3210651 | BM37: =IF(BK37<140,-737886.6-3612.887*AF37+84.47319*AF37^2,7040924-115283.7*AF37+485.2715*AF37^2) -> -737886.6 | BN37: =4001977-66502.13*AG37+275.558*AG37^2 -> 4001977 | BO37: =12256870-84903.96*AH37+146.7551*AH37^2 -> 12256870 | BP37: =9095248-135970.3*AI37+510.0572*AI37^2 -> 9095248 | BQ37: =IF(BO37<73.2,-180.3+3.1*AJ37,312.46-10.83*AJ37+0.098*AJ37^2)*10000 -> 3124600 | BR37: =(219.28*AK37^2-173172.2*AK37+34168761.89) -> 34168762 | BS37: =5190570-498758.9*AL37+14528.53*AL37^2-112.5*AL37^3 -> 5190570 | BT37: =(207.86-3.07416*AM37+0.00297*AM37^2+0.000073*AM37^3)*10000 -> 2078600 | BU37: =(412.37-12.56*AN37+0.12278*AN37^2-0.000376*AN37^3)*10000 -> 4123700 | BV37: =(5708324-41094.23*AO37+72.7745*AO37^2) -> 5708324 | BW37: =(1307.749-5.30998*AP37+0.005386*AP37^2)*10000 -> 13077490 | BX37: =(33.36079-1.57235*AQ37+0.020673*AQ37^2-0.000067*AQ37^3)*10000 -> 333607.9 | BY37: =(-106.619+3.872392*AR37-0.0491*AR37^2+0.000219*AR37^3)*10000 -> -1066190 | BZ37: =(-2923.33+10.10447*AS37-0.00872*AS37^2)*10000 -> -29233300 | CA37: =(149.6647-3.26844*AT37+0.02264*AT37^2-0.000048*AT37^3)*10000 -> 1496647
B38: 1 | C38: F | AB38: =B38 -> 1 | AC38: =C38 -> F | BI38: 31 | BK38: =-4552010+77862.43*AD38-528.064*AD38^2+1.3857*AD38^3 -> -4552010 | BL38: =-3210651+145404.1*AE38-2052.163*AE38^2+14.3568*AE38^3 -> -3210651 | BM38: =IF(BK38<140,-737886.6-3612.887*AF38+84.47319*AF38^2,7040924-115283.7*AF38+485.2715*AF38^2) -> -737886.6 | BN38: =4001977-66502.13*AG38+275.558*AG38^2 -> 4001977 | BO38: =12256870-84903.96*AH38+146.7551*AH38^2 -> 12256870 | BP38: =9095248-135970.3*AI38+510.0572*AI38^2 -> 9095248 | BQ38: =IF(BO38<73.2,-180.3+3.1*AJ38,312.46-10.83*AJ38+0.098*AJ38^2)*10000 -> 3124600 | BR38: =(219.28*AK38^2-173172.2*AK38+34168761.89) -> 34168762 | BS38: =5190570-498758.9*AL38+14528.53*AL38^2-112.5*AL38^3 -> 5190570 | BT38: =(207.86-3.07416*AM38+0.00297*AM38^2+0.000073*AM38^3)*10000 -> 2078600 | BU38: =(412.37-12.56*AN38+0.12278*AN38^2-0.000376*AN38^3)*10000 -> 4123700 | BV38: =(5708324-41094.23*AO38+72.7745*AO38^2) -> 5708324 | BW38: =(1307.749-5.30998*AP38+0.005386*AP38^2)*10000 -> 13077490 | BX38: =(33.36079-1.57235*AQ38+0.020673*AQ38^2-0.000067*AQ38^3)*10000 -> 333607.9 | BY38: =(-106.619+3.872392*AR38-0.0491*AR38^2+0.000219*AR38^3)*10000 -> -1066190 | BZ38: =(-2923.33+10.10447*AS38-0.00872*AS38^2)*10000 -> -29233300 | CA38: =(149.6647-3.26844*AT38+0.02264*AT38^2-0.000048*AT38^3)*10000 -> 1496647
B39: 2 | C39: S | AB39: =B39 -> 2 | AC39: =C39 -> S | BK39: =-4552010+77862.43*AD39-528.064*AD39^2+1.3857*AD39^3 -> -4552010 | BL39: =-3210651+145404.1*AE39-2052.163*AE39^2+14.3568*AE39^3 -> -3210651 | BM39: =IF(BK39<140,-737886.6-3612.887*AF39+84.47319*AF39^2,7040924-115283.7*AF39+485.2715*AF39^2) -> -737886.6 | BN39: =4001977-66502.13*AG39+275.558*AG39^2 -> 4001977 | BO39: =12256870-84903.96*AH39+146.7551*AH39^2 -> 12256870 | BP39: =9095248-135970.3*AI39+510.0572*AI39^2 -> 9095248 | BQ39: =IF(BO39<73.2,-180.3+3.1*AJ39,312.46-10.83*AJ39+0.098*AJ39^2)*10000 -> 3124600 | BR39: =(219.28*AK39^2-173172.2*AK39+34168761.89) -> 34168762 | BS39: =5190570-498758.9*AL39+14528.53*AL39^2-112.5*AL39^3 -> 5190570 | BT39: =(207.86-3.07416*AM39+0.00297*AM39^2+0.000073*AM39^3)*10000 -> 2078600 | BU39: =(412.37-12.56*AN39+0.12278*AN39^2-0.000376*AN39^3)*10000 -> 4123700 | BV39: =(5708324-41094.23*AO39+72.7745*AO39^2) -> 5708324 | BW39: =(1307.749-5.30998*AP39+0.005386*AP39^2)*10000 -> 13077490 | BX39: =(33.36079-1.57235*AQ39+0.020673*AQ39^2-0.000067*AQ39^3)*10000 -> 333607.9 | BY39: =(-106.619+3.872392*AR39-0.0491*AR39^2+0.000219*AR39^3)*10000 -> -1066190 | BZ39: =(-2923.33+10.10447*AS39-0.00872*AS39^2)*10000 -> -29233300 | CA39: =(149.6647-3.26844*AT39+0.02264*AT39^2-0.000048*AT39^3)*10000 -> 1496647
B40: 3 | C40: S | AB40: =B40 -> 3 | AC40: M | BK40: =-4552010+77862.43*AD40-528.064*AD40^2+1.3857*AD40^3 -> -4552010 | BL40: =-3210651+145404.1*AE40-2052.163*AE40^2+14.3568*AE40^3 -> -3210651 | BM40: =IF(BK40<140,-737886.6-3612.887*AF40+84.47319*AF40^2,7040924-115283.7*AF40+485.2715*AF40^2) -> -737886.6 | BN40: =4001977-66502.13*AG40+275.558*AG40^2 -> 4001977 | BO40: =12256870-84903.96*AH40+146.7551*AH40^2 -> 12256870 | BP40: =9095248-135970.3*AI40+510.0572*AI40^2 -> 9095248 | BQ40: =IF(BO40<73.2,-180.3+3.1*AJ40,312.46-10.83*AJ40+0.098*AJ40^2)*10000 -> 3124600 | BR40: =(219.28*AK40^2-173172.2*AK40+34168761.89) -> 34168762 | BS40: =5190570-498758.9*AL40+14528.53*AL40^2-112.5*AL40^3 -> 5190570 | BT40: =(207.86-3.07416*AM40+0.00297*AM40^2+0.000073*AM40^3)*10000 -> 2078600 | BU40: =(412.37-12.56*AN40+0.12278*AN40^2-0.000376*AN40^3)*10000 -> 4123700 | BV40: =(5708324-41094.23*AO40+72.7745*AO40^2) -> 5708324 | BW40: =(1307.749-5.30998*AP40+0.005386*AP40^2)*10000 -> 13077490 | BX40: =(33.36079-1.57235*AQ40+0.020673*AQ40^2-0.000067*AQ40^3)*10000 -> 333607.9 | BY40: =(-106.619+3.872392*AR40-0.0491*AR40^2+0.000219*AR40^3)*10000 -> -1066190 | BZ40: =(-2923.33+10.10447*AS40-0.00872*AS40^2)*10000 -> -29233300 | CA40: =(149.6647-3.26844*AT40+0.02264*AT40^2-0.000048*AT40^3)*10000 -> 1496647
B41: 4 | C41: M | AB41: =B41 -> 4 | AE41: 52.8 | AG41: 168.6 | AI41: 162.2 | BK41: =-4552010+77862.43*AD41-528.064*AD41^2+1.3857*AD41^3 -> -4552010 | BL41: =-3210651+145404.1*AE41-2052.163*AE41^2+14.3568*AE41^3 -> 858874.94 | BM41: =IF(BK41<140,-737886.6-3612.887*AF41+84.47319*AF41^2,7040924-115283.7*AF41+485.2715*AF41^2) -> -737886.6 | BN41: =4001977-66502.13*AG41+275.558*AG41^2 -> 622718.57 | BO41: =12256870-84903.96*AH41+146.7551*AH41^2 -> 12256870 | BP41: =9095248-135970.3*AI41+510.0572*AI41^2 -> 459878.61 | BQ41: =IF(BO41<73.2,-180.3+3.1*AJ41,312.46-10.83*AJ41+0.098*AJ41^2)*10000 -> 3124600 | BT41: =(207.86-3.07416*AM41+0.00297*AM41^2+0.000073*AM41^3)*10000 -> 2078600 | BW41: =(1307.749-5.30998*AP41+0.005386*AP41^2)*10000 -> 13077490
B42: CH.IN STOR. | D42: =D30-D29 -> 0.187 | E42: =E30-E29 -> 0.042 | F42: =F30-F29 -> 0.037 | G42: =G30-G29 -> 0.011 | H42: =H30-H29 -> 0.03 | I42: =I30-I29 -> 0.007 | J42: =J30-J29 -> 0.02 | K42: =K30-K29 -> 0.029 | ... W42: =W30-W29 -> 0.277 | AD42: 247.0013 | AE42: 79.4993 | AF42: 164.9893 | AG42: 178.5 | AH42: 357 | AI42: 176.94 | AJ42: 86.573 | AK42: 436 | AL42: =$AL$3+16.253 -> 38.993 | AM42: 136.388 | AN42: 112.4 | AO42: 341.25 | AP42: 539.5 | AQ42: 88.49 | AR42: 99.79 | AS42: 571.09 | AT42: 139.6 | AV42: 414.1055 | AW42: =(89.2*AV42^3-95201.89*AV42^2+33862030.87*AV42-4014033675.35)/1000000 -> 17.167741 | AX42: CH.IN STOR. | AY42: =AY30-AY29 -> 0 | BA42: =BA30-BA29 -> 0 | BC42: =BC30-BC29 -> 0
B43: RELE ASES | D43: 0.023 | E43: 0.008 | F43: 0.001 | G43: 0.01 | H43: 0.002 | I43: 0.001 | J43: 0.012 | K43: 0.001 | L43: 0.004 | N43: 0 | O43: 0.001 | P43: 0 | Q43: 0 | R43: 0 | S43: 0 | T43: 0 | U43: 0 | V43: =SUM(D43:U43) -> 0.063 | AR43: 100 | AV43: 369.28 | AW43: =(89.2*AV43^3-95201.89*AV43^2+33863020.87*AV43-4014393675.35)/1000000 -> 0.0002425829 | AX43: RELE ASES | AY43: 0.001 | BA43: 0.001 | BC43: 0
B44: NET I N FLOW | D44: =+ROUND(D43+D42+D204,3)-0.1 -> 0.12 | E44: =+ROUND(E43+E42+E204,3) -> 0.056 | F44: =+ROUND(F43+F42+F204,3) -> 0.041 | G44: =+ROUND(G43+G42+G204,3) -> 0.023 | H44: =+ROUND(H43+H42+H204,3) -> 0.033 | I44: =+ROUND(I43+I42+I204,3) -> 0.009 | J44: =+ROUND(J43+J42+J204,3)-0.013 -> 0.021 | K44: =+ROUND(K43+K42+K204,3) -> 0.033 | L44: =+ROUND(L43+L42+L204,3)+0.1 -> 0.104 | N44: =+ROUND(N43+N42+N204,3) -> 0.005 | O44: =+ROUND(O43+O42+O204,3) -> 0.001 | P44: =+ROUND(P43+P42+P204,3) -> 0.008 | Q44: =+ROUND(Q43+Q42+Q204,3) -> 0.002 | R44: =+ROUND(R43+R42+R204,3) -> 0 | S44: =+ROUND(S43+S42+S204,3) -> 0 | T44: =+ROUND(T43+T42+T204,3) -> 0 | U44: =+ROUND(U43+U42+U204,3) -> 0 | V44: =SUM(D44:U44) -> 0.456 | W44: SCP | X44: PAFOS | AX44: NET I N FLOW | AY44: =+ROUND(AY43+AY42+AY185,3) -> 0.001 | BA44: =+ROUND(BA43+BA42+BA185,3) -> 0.001 | BC44: =+ROUND(BC43+BC42+BC185,3) -> 0
B45: MONTH TOTAL | D45: =D44+D60 -> 4.96 | E45: =E44+E60 -> 2.61 | F45: =F44+F60 -> 1.278 | G45: =G44+G60 -> 0.929 | H45: =H44+H60 -> 1.668 | I45: =I44+I60 -> 0.55 | J45: =J44+J60 -> 1.253 | K45: =K44+K60 -> 2.523 | ... U45: =U44+U60 -> 0 | V45: =SUM(D45:U45) -> 20.326 | W45: =D45+H45+I45+J45+K45+L45+N45 -> 14.849 | X45: =E45+G45+O45 -> 3.631 | AX45: MONTH TOTAL | AY45: =AY44+AY60 -> 0.157 | BA45: =BA44+BA60 -> 0.022 | BC45: =BC44+BC60-0 -> 0
B46: TOTAL | D46: =D45+D48+D49+D50+D51+D52+D53+D54+D55+D56+D57+D58+D59-0 -> 19.485 | E46: =E45+E48+E49+E50+E51+E52+E53+E54+E55+E56+E57+E58+E59 -> 17.938 | F46: =F45+F48+F49+F50+F51+F52+F53+F54+F55+F56+F57+F58+F59 -> 8.792 | G46: =G45+G48+G49+G50+G51+G52+G53+G54+G55+G56+G57+G58+G59 -> 8.32 | H46: =H45+H48+H49+H50+H51+H52+H53+H54+H55+H56+H57+H58+H59 -> 3.319 | I46: =I45+I48+I49+I50+I51+I52+I53+I54+I55+I56+I57+I58+I59 -> 1.515 | J46: =J45+J48+J49+J50+J51+J52+J53+J54+J55+J56+J57+J58+J59 -> 3.157 | K46: =K45+K48+K49+K50+K51+K52+K53+K54+K55+K56+K57+K58+K59 -> 7.513 | L46: =L45+L48+L49+L50+L51+L52+L53+L54+L55+L56+L57+L58+L59 -> 17.135 | ... U46: =U45+U48+U49+U50+U51+U52+U53+U54+U55+U56+U57+U58+U59 -> 0.243 | V46: =SUM(D46:U46) -> 94.809 | W46: =D46+H46+I46+J46+K46+L46+N46 -> 53.446 | X46: =E46+G46+O46 -> 27.176 | AX46: TOTAL | AY46: =AY45+AY48+AY49+AY50+AY51+AY52+AY53+AY54+AY55+AY56+AY57+AY58+AY59 -> 2.589 | BA46: =BA45+BA48+BA49+BA50+BA51+BA52+BA53+BA54+BA55+BA56+BA57+BA58+BA59 -> 1.068 | BC46: =BC45+BC48+BC49+BC50+BC51+BC52+BC53+BC54+BC55+BC56+BC57+BC58+BC59 -> 2.636
B48: OCTOBER | D48: 0.014 | E48: 0.027 | F48: 0.007 | G48: 0.006 | H48: 0.007 | I48: 0.003 | J48: 0.009 | K48: 0.005 | L48: 0.005 | M48: 0 | N48: 0.005 | O48: 0 | P48: 0 | Q48: 0 | R48: 0 | S48: 0 | T48: 0.005 | U48: 0.002 | V48: =SUM(D48:U48) -> 0.095 | W48: =D48+H48+I48+J48+K48+L48+N48 -> 0.048 | X48: =E48+G48+O48 -> 0.033 | AX48: OCTOBER | AY48: 0 | BA48: 0 | BC48: 0
B49: NOVEMBER | D49: 0.009 | E49: 0.03 | F49: 0.014 | G49: 0.024 | H49: 0.003 | I49: 0.017 | J49: 0.002 | K49: 0.006 | L49: 0.04 | M49: 0 | N49: 0.009 | O49: 0.012 | P49: 0 | Q49: 0 | R49: 0 | S49: 0.002 | T49: 0.03 | U49: 0.002 | V49: =SUM(D49:U49) -> 0.2 | W49: =D49+H49+I49+J49+K49+L49+N49 -> 0.086 | X49: =E49+G49+O49 -> 0.066 | AX49: NOVEMBER | AY49: 0 | BA49: 0 | BC49: 0
B50: DECEMBER | D50: 0.258 | E50: 0.266 | F50: 0.145 | G50: 0.059 | H50: 0.046 | I50: 0.031 | J50: 0.12 | K50: 0.037 | L50: 0.291 | M50: 0 | N50: 0.099 | O50: 0.235 | P50: 0.003 | Q50: 0.048 | R50: 0.024 | S50: 0.058 | T50: 0.151 | U50: 0.032 | V50: =SUM(D50:U50) -> 1.903 | W50: =D50+H50+I50+J50+K50+L50+N50 -> 0.882 | X50: =E50+G50+O50 -> 0.56 | Y50: POLIS | AX50: DECEMBER | AY50: 0 | BA50: 0 | BC50: 0.344
B51: JANUARY | D51: 2.333 | E51: 2.548 | F51: 1.542 | G51: 1.4 | H51: 0.191 | I51: 0.155 | J51: 0.417 | K51: 0.265 | L51: 1.764 | M51: 0 | N51: 0.307 | O51: 0.214 | P51: 0.159 | Q51: 0.331 | R51: 0.266 | S51: 0.589 | T51: 0.125 | U51: 0.064 | V51: =SUM(D51:U51) -> 12.67 | W51: =D51+H51+I51+J51+K51+L51+N51 -> 5.432 | X51: =E51+G51+O51 -> 4.162 | Y51: =F51+R51+S51+U51 -> 2.461 | AX51: JANUARY | AY51: 0.44 | BA51: 0.755 | BC51: 0.922
B52: FEBRUARY | D52: 4.842 | E52: 5.317 | F52: 2.241 | G52: 2.41 | H52: 0.415 | I52: 0.222 | J52: 0.475 | K52: 1.343 | L52: 5.139 | M52: 0 | N52: 0.215 | O52: 0.167 | P52: 0.292 | Q52: 0.51 | R52: 0.429 | S52: 0.134 | T52: 0 | U52: 0.05 | V52: =SUM(D52:U52) -> 24.201 | W52: =D52+H52+I52+J52+K52+L52+N52 -> 12.651 | X52: =E52+G52+O52 -> 7.894 | Y52: =F52+R52+S52+U52 -> 2.854 | AX52: FEBRUARY | AY52: 0.559 | BA52: 0.26 | BC52: 1.051
B53: MARCH | D53: 7.069 | E53: 7.14 | F53: 3.565 | G53: 3.492 | H53: 0.989 | I53: 0.537 | J53: 0.881 | K53: 3.334 | L53: 6.265 | M53: 0 | N53: 0.423 | O53: 0.198 | P53: 0.619 | Q53: 0.524 | R53: 0.282 | S53: 0.003 | T53: 0 | U53: 0.093 | V53: =SUM(D53:U53) -> 35.414 | W53: =D53+H53+I53+J53+K53+L53+N53 -> 19.498 | X53: =E53+G53+O53 -> 10.83 | AX53: MARCH | AY53: 1.433 | BA53: 0.031 | BC53: 0.319
B54: APRIL | D54: 0 | E54: 0 | F54: 0 | G54: 0 | H54: 0 | I54: 0 | J54: 0 | K54: 0 | L54: 0 | M54: 0 | N54: 0 | O54: 0 | P54: 0 | Q54: 0 | R54: 0 | S54: 0 | T54: 0 | U54: 0 | V54: =SUM(D54:U54) -> 0 | W54: =D54+H54+I54+J54+K54+L54+N54 -> 0 | X54: =E54+G54+O54 -> 0 | AX54: APRIL | AY54: 0 | BA54: 0 | BC54: 0
B55: MAY | D55: 0 | E55: 0 | F55: 0 | G55: 0 | H55: 0 | I55: 0 | J55: 0 | K55: 0 | L55: 0 | M55: 0 | N55: 0 | O55: 0 | P55: 0 | Q55: 0 | R55: 0 | S55: 0 | T55: 0 | U55: 0 | V55: =SUM(D55:U55) -> 0 | W55: =D55+H55+I55+J55+K55+L55+N55 -> 0 | X55: =E55+G55+O55 -> 0 | AX55: MAY | AY55: 0 | BA55: 0 | BC55: 0
B56: JUNE | D56: 0 | E56: 0 | F56: 0 | G56: 0 | H56: 0 | I56: 0 | J56: 0 | K56: 0 | L56: 0 | M56: 0 | N56: 0 | O56: 0 | P56: 0 | Q56: 0 | R56: 0 | S56: 0 | T56: 0 | U56: 0 | V56: =SUM(D56:U56) -> 0 | W56: =D56+H56+I56+J56+K56+L56+N56 -> 0 | X56: =E56+G56+O56 -> 0 | AX56: JUNE | AY56: 0 | BA56: 0 | BC56: 0
B57: JULY | D57: 0 | E57: 0 | F57: 0 | G57: 0 | H57: 0 | I57: 0 | J57: 0 | K57: 0 | L57: 0 | M57: 0 | N57: 0 | O57: 0 | P57: 0 | Q57: 0 | R57: 0 | S57: 0 | T57: 0 | U57: 0 | V57: =SUM(D57:U57) -> 0 | W57: =D57+H57+I57+J57+K57+L57+N57 -> 0 | X57: =E57+G57+O57 -> 0 | Z57: =SUM(W51:W56) -> 37.581 | AX57: JULY | AY57: -6.9388939e-18 | BA57: 0 | BC57: 0
B58: AUGUST | D58: 0 | E58: 0 | F58: 0 | G58: 0 | H58: 0 | I58: 0 | J58: 0 | K58: 0 | L58: 0 | M58: 0 | N58: 0 | O58: 0 | P58: 0 | Q58: 0 | R58: 0 | S58: 0 | T58: 0 | U58: 0 | V58: =SUM(D58:U58) -> 0 | W58: =D58+H58+I58+J58+K58+L58+N58 -> 0 | X58: =E58+G58+O58 -> 0 | AX58: AUGUST | AY58: 0 | BA58: 0 | BC58: 0
B59: SEPTEMB. | D59: 0 | E59: 0 | F59: 0 | G59: 0 | H59: 0 | I59: 0 | J59: 0 | K59: 0 | L59: 0 | M59: 0 | N59: 0 | O59: 0 | P59: 0 | Q59: 0 | R59: 0 | S59: 0 | T59: 0 | U59: 0 | V59: =SUM(D59:U59) -> 0 | AX59: SEPTEMB. | AY59: 0 | BA59: 0 | BC59: 0
B60: MONTH TOT | D60: 4.84 | E60: 2.554 | F60: 1.237 | G60: 0.906 | H60: 1.635 | I60: 0.541 | J60: 1.232 | K60: 2.49 | L60: 3.527 | M60: 0 | N60: 0.259 | O60: 0.091 | P60: 0.555 | Q60: 0.003 | R60: 0 | S60: 0 | T60: 0 | U60: 0 | V60: =SUM(D60:U60) -> 19.87 | W60: =D60+H60+I60+J60+K60+L60+N60 -> 14.524 | AX60: MONTH TOT | AY60: 0.156 | BA60: 0.021 | BC60: 0
B61: =B30 -> 23 | D61: =D30 -> 41.867 | E61: =E30 -> 20.377 | F61: =F30 -> 10.887 | G61: =G30 -> 8.355 | H61: =H30 -> 3.572 | I61: =I30 -> 2.445 | J61: =J30 -> 5.764 | K61: =K30 -> 7.132 | ... W61: =W30 -> 64.394 | X61: 94.094 | Y61: 43.463 | AY61: =AY30 -> 2.8 | BA61: =BA30 -> 2 | BC61: =BC30 -> 4.454132
B65: RELEASES | E65: =M2 -> APR 2026 | H65: Μεταφοά | N65: Ανακυκλ. | O65: Μεταφοά | S65: W.D.D. | T65: O&M Division
B66: DATE | C66: DAMS | D66: KOURIS | E66: ASPROKR. | F66: EVRETOU | G66: KANNAV. | H66: KALAVAS. | I66: LEFKARA | J66: DHYPOT. | K66: YERMAS. | L66: ARMINOU | M66: AKHNA | N66: POLEM. | O66: MAVROK. | P66: VIZAKIA | Q66: XYL. | R66: ARGAKA | S66: POMOS | T66: KALOP. | U66: AY.MAR. | V66: TOTAL | W66: DIVERTION | X66: DHIPOTAMOS | Y66: ARMINOU TO KOURIS | Z66: Προς Σταυροβ. | AA66: Kalavasos
C67: CAP. | D67: 115 | E67: 52.375 | F67: 24 | G67: 17.168 | H67: 17.1 | I67: 13.8 | J67: 13.7 | K67: 13.5 | L67: 4.3 | M67: 6.8 | N67: 3.4 | O67: 2.18 | P67: 1.69 | Q67: 1.22 | R67: 0.99 | S67: 0.86 | T67: 0.363 | U67: 0.298 | V67: OUT | W67: KOURIS | X67: to KORNOS | Z67: PUMPING | AA67: TO SCP
B68: 1 | D68: 0.013 | E68: 0.011 | F68: 0.001 | G68: 0.009 | H68: 0.002 | I68: 0.001 | J68: 0.012 | K68: 0.001 | L68: 0.004 | N68: 0 | O68: 0 | P68: 0 | Q68: 0 | R68: 0 | S68: 0 | T68: 0 | U68: 0 | V68: =SUM(D68:U68) -> 0.054 | W68: 0.14 | Y68: 0.14
B69: 2 | D69: 0.025 | E69: 0.007 | F69: 0.001 | G69: 0.009 | H69: 0.002 | I69: 0.001 | J69: 0.012 | K69: 0.001 | L69: 0.004 | N69: 0 | O69: 0 | P69: 0 | Q69: 0 | R69: 0 | S69: 0 | T69: 0 | U69: 0 | V69: =SUM(D69:U69) -> 0.062 | W69: 0.14 | Y69: 0.14
B70: 3 | V70: =SUM(D70:U70) -> 0 | W70: 0.14 | Y70: 0.14
B71: 4 | V71: =SUM(D71:U71) -> 0 | W71: 0.14 | Y71: 0.14
B72: 5 | D72: 0.078 | E72: 0.013 | F72: 0.003 | G72: 0.028 | H72: 0.005 | I72: 0.002 | J72: 0.036 | K72: 0.003 | L72: 0.012 | N72: 0 | O72: 0 | P72: 0 | Q72: 0 | R72: 0 | S72: 0 | T72: 0 | U72: 0 | V72: =SUM(D72:U72) -> 0.18 | W72: 0.14 | Y72: 0.14
B73: 6 | D73: 0.027 | E73: 0.006 | F73: 0.001 | G73: 0.009 | H73: 0.002 | I73: 0.001 | J73: 0.011 | K73: 0.001 | L73: 0.004 | N73: 0 | O73: 0 | P73: 0 | Q73: 0 | R73: 0 | S73: 0 | T73: 0 | U73: 0 | V73: =SUM(D73:U73) -> 0.062 | W73: 0.14 | Y73: 0.14
B74: 7 | D74: 0.037 | E74: 0.008 | F74: 0.001 | G74: 0.01 | H74: 0.002 | I74: 0.001 | J74: 0.011 | K74: 0.001 | L74: 0.004 | N74: 0 | O74: 0 | P74: 0 | Q74: 0 | R74: 0 | S74: 0 | T74: 0 | U74: 0 | V74: =SUM(D74:U74) -> 0.075 | W74: 0.14 | Y74: 0.14
B75: 8 | D75: 0.031 | E75: 0.006 | F75: 0.001 | G75: 0.009 | H75: 0.002 | I75: 0.001 | J75: 0.014 | K75: 0.001 | L75: 0.004 | N75: 0 | O75: 0 | P75: 0 | Q75: 0 | R75: 0 | S75: 0 | T75: 0 | U75: 0 | V75: =SUM(D75:U75) -> 0.069 | W75: 0.14 | Y75: 0.14
B76: 9 | V76: =SUM(D76:U76) -> 0 | W76: 0.14 | Y76: 0.14
B77: 10 | V77: =SUM(D77:U77) -> 0 | W77: 0.14 | Y77: 0.14
B78: 11 | V78: =SUM(D78:U78) -> 0 | W78: 0.14 | Y78: 0.14
B79: 12 | V79: =SUM(D79:U79) -> 0 | W79: 0.14 | Y79: 0.14
B80: 13 | D80: 0.084 | E80: 0.025 | F80: 0.003 | G80: 0.049 | H80: 0.007 | I80: 0.003 | J80: 0.06 | K80: 0.005 | L80: 0.02 | N80: 0 | O80: 0 | P80: 0 | Q80: 0 | R80: 0 | S80: 0 | T80: 0 | U80: 0 | V80: =SUM(D80:U80) -> 0.256 | W80: 0.14 | Y80: 0.14
B81: 14 | D81: 0.029 | E81: 0.006 | F81: 0.001 | G81: 0.009 | H81: 0.002 | I81: 0.001 | J81: 0.011 | K81: 0.001 | L81: 0.004 | N81: 0 | O81: 0 | P81: 0 | Q81: 0 | R81: 0 | S81: 0 | T81: 0 | U81: 0 | V81: =SUM(D81:U81) -> 0.064 | W81: 0.14 | Y81: 0.14
B82: 15 | D82: 0.04 | E82: 0.004 | F82: 0.001 | G82: 0.009 | H82: 0.002 | I82: 0.001 | J82: 0.013 | K82: 0.001 | L82: 0.004 | N82: 0 | O82: 0 | P82: 0 | Q82: 0 | R82: 0 | S82: 0 | T82: 0 | U82: 0 | V82: =SUM(D82:U82) -> 0.075 | W82: 0.14 | Y82: 0.14
B83: 16 | D83: 0.03 | E83: 0.005 | F83: 0.001 | G83: 0.009 | H83: 0.002 | I83: 0.001 | J83: 0.015 | K83: 0.001 | L83: 0.004 | N83: 0 | O83: 0 | P83: 0 | Q83: 0 | R83: 0 | S83: 0 | T83: 0 | U83: 0 | V83: =SUM(D83:U83) -> 0.068 | W83: 0.14 | Y83: 0.14
B84: 17 | V84: =SUM(D84:U84) -> 0 | W84: 0.28 | Y84: 0.32
B85: 18 | V85: =SUM(D85:U85) -> 0 | W85: 0.32 | Y85: 0.32
B86: 19 | D86: 0.057 | E86: 0.02 | F86: 0.002 | G86: 0.026 | H86: 0.005 | I86: 0.002 | J86: 0.033 | K86: 0.002 | L86: 0.012 | N86: 0 | O86: 0 | P86: 0 | Q86: 0.005 | R86: 0 | S86: 0 | T86: 0 | U86: 0 | V86: =SUM(D86:U86) -> 0.164 | W86: 0.32 | Y86: 0.32
B87: 20 | D87: 0.016 | E87: 0.005 | F87: 0.001 | G87: 0.01 | H87: 0.002 | I87: 0.001 | J87: 0.012 | K87: 0.001 | L87: 0.004 | N87: 0 | O87: 0.001 | P87: 0 | Q87: 0 | R87: 0 | S87: 0 | T87: 0 | U87: 0 | V87: =SUM(D87:U87) -> 0.053 | W87: 0.14 | Y87: 0.1
B88: 21 | D88: 0.023 | E88: 0.008 | F88: 0.001 | G88: 0.01 | H88: 0.002 | I88: 0.001 | J88: 0.012 | K88: 0.001 | L88: 0.004 | N88: 0 | O88: 0.001 | P88: 0 | Q88: 0 | R88: 0 | S88: 0 | T88: 0 | U88: 0 | V88: =SUM(D88:U88) -> 0.063 | W88: 0.1 | Y88: 0.1
B89: 22 | V89: =SUM(D89:U89) -> 0
B90: 23 | V90: =SUM(D90:U90) -> 0
B91: 24 | V91: =SUM(D91:U91) -> 0
B92: 25 | V92: =SUM(D92:U92) -> 0
B93: 26 | V93: =SUM(D93:U93) -> 0
B94: 27 | V94: =SUM(D94:U94) -> 0
B95: 28 | V95: =SUM(D95:U95) -> 0
B96: 29 | V96: =SUM(D96:U96) -> 0
B97: 30 | V97: =SUM(D97:U97) -> 0
B98: 31 | V98: =SUM(D98:U98) -> 0
B99: TOTAL | D99: =SUM(D68:D98) -> 0.49 | E99: =SUM(E68:E98) -> 0.124 | F99: =SUM(F68:F98) -> 0.018 | G99: =SUM(G68:G98) -> 0.196 | H99: =SUM(H68:H98) -> 0.037 | I99: =SUM(I68:I98) -> 0.017 | J99: =SUM(J68:J98) -> 0.252 | K99: =SUM(K68:K98) -> 0.02 | ... W99: =SUM(W68:W98) -> 3.4 | X99: =SUM(X74:X98) -> 0 | Y99: =SUM(Y68:Y98) -> 3.4 | AA99: =SUM(AA68:AA98) -> 0
B102: INFLOWS
B103: DATE | C103: DAMS | D103: KOURIS | E103: ASPROKR. | F103: EVRETOU | G103: KANNAVIOU | H103: KALAVAS. | I103: LEFKARA | J103: DHYPOT. | K103: GERMAS. | L103: ARMINOU | M103: AKHNA | N103: POLEM. | O103: MAVROK. | P103: VIZAKIA | Q103: XYLIAT. | R103: ARGAKA | S103: POMOS | T103: KALOP. | U103: AY.MAR. | V103: TOTAL | W103: DIVERTION | Y103: ARMINOU TO KOURIS | Z103: ARMINOU TO KOURIS
C104: CAP. | D104: 115 | E104: 52.375 | F104: 24 | G104: 17168 | H104: 17100 | I104: 13800 | J104: 13700 | K104: 13500 | L104: 4.3 | M104: 6800 | N104: 3400 | O104: 2180 | P104: 1690 | Q104: 1220 | R104: 0.990 | S104: 0.860 | T104: 0.363 | U104: 0.298 | V104: MCM | W104: TO | X104: MONTH
W105: KOURIS | Y105: (Total) | Z105: (OVERFLOW)
B106: 1 | D106: 0.246 | E106: 0.17 | F106: 0.096 | G106: 0.089 | H106: 0.073 | I106: 0.019 | J106: 0.05 | K106: 0.124 | L106: 0.18 | N106: 0.038 | O106: 0.002 | P106: 0.031 | Q106: 0 | R106: 0 | S106: 0 | T106: 0 | U106: 0 | V106: =SUM(D106:U106) -> 1.118 | W106: 0 | X106: OCT-2025 | Y106: 0 | Z106: 0
B107: 2 | D107: 0.458 | E107: 0.155 | F107: 0.076 | G107: 0.052 | H107: 0.135 | I107: 0.076 | J107: 0.104 | K107: 0.283 | L107: 0.208 | N107: 0.017 | O107: 0.003 | P107: 0.037 | Q107: 0 | R107: 0 | S107: 0 | T107: 0 | U107: 0 | V107: =SUM(D107:U107) -> 1.604 | W107: 0 | X107: NOV-2025 | Y107: 0 | Z107: 0
...

Sheet ΚΑΤΑΧΩΡΗΣΗ-ΕΛΕΓΧΟΣ(2)
B10: ΑΝΑΛΥΣΗ ΠΟΣΟΤΗΤΩΝ ΝΕΡΟΥ ΣΤΑ ΜΕΓΑΛΑ ΦΡΑΓΜΑΤΑ
B11: ΕΙΣΡΟΕΣ - ΜΕΤΑΦΟΡΕΣ - ΕΚΡΟΕΣ - ΑΠΟΘΕΜΑΤΑ
N12: Ημερομ.: | O12: 46135
F13: Εισροή , Μεταφορά Νερού, Εκροές | J13: Αποθηκευμένη Ποσότητα
E14: Χωρητι- | N14: Μέγιστη
B15: Φράγμα | E15: κότητα | F15: Εισροή | G15: Μεταφορά απο | H15: Συνολική | I15: Συνολική | J15: Σημερινή | L15: Αντίστοιχη Περσινή | N15: Ποσότητα
F16: 24ώρου | G16: Φράγματα | H16: Αύξηση + | I16: Εισροή
G17: Αφαλάτωση | H17: Μείωση - | K17: Πληρό- | M17: Πληρό- | N17: 2025
G18: Ανακύκλωση | H18: Αποθεμά- | K18: τητα | M18: τητα
G19: Αλλες Πηγές + | H19: των
G20: Εκροές -Εξάτμ.- | I20: Απο
E21: Ε.Κ.Μ | F21: Ε.Κ.Μ | G21: =F16 -> 24ώρου | H21: =F16 -> 24ώρου | I21: 1/10/2025 | J21: Ε.Κ.Μ. | K21: % | L21: Ε.Κ.Μ. | M21: % | N21: Ε.Κ.Μ | O21: Ημερομ.
B22: Κούρης | E22: 115 | F22: ='DAILY-ELEV-STR(1)'!D44 -> 0.12 | G22: =-'DAILY-ELEV-STR(1)'!D43-0.01+0.1 -> 0.067 | H22: =SUM(F22:G22) -> 0.187 | I22: ='DAILY-ELEV-STR(1)'!D46 -> 19.485 | J22: ='DAILY-ELEV-STR(1)'!D61 -> 41.867 | K22: =J22/E22*100 -> 36.406087 | L22: 22.008 | M22: =L22/E22*100 -> 19.137391 | N22: 25.538 | O22: 7/1
B23: Ασπρόκρεμμος | E23: 52.375 | F23: ='DAILY-ELEV-STR(1)'!E44 -> 0.056 | G23: =-'DAILY-ELEV-STR(1)'!E43-0.006 -> -0.014 | H23: =SUM(F23:G23) -> 0.042 | I23: ='DAILY-ELEV-STR(1)'!E46 -> 17.938 | J23: ='DAILY-ELEV-STR(1)'!E61 -> 20.377 | K23: =J23/E23*100 -> 38.905967 | L23: 12.514 | M23: =L23/E23*100 -> 23.893079 | N23: 15.348 | O23: 3/1
B24: Ευρέτου | E24: 24 | F24: ='DAILY-ELEV-STR(1)'!F44 -> 0.041 | G24: =-'DAILY-ELEV-STR(1)'!F43-0.003 -> -0.004 | H24: =SUM(F24:G24) -> 0.037 | I24: ='DAILY-ELEV-STR(1)'!F46 -> 8.792 | J24: ='DAILY-ELEV-STR(1)'!F61 -> 10.887 | K24: =J24/E24*100 -> 45.3625 | L24: 5.729 | M24: =L24/E24*100 -> 23.870833 | N24: 6.201 | O24: 7/3
B25: Κανναβιού | E25: 17.168 | F25: ='DAILY-ELEV-STR(1)'!G44 -> 0.023 | G25: =-'DAILY-ELEV-STR(1)'!G43-0.002 -> -0.012 | H25: =SUM(F25:G25) -> 0.011 | I25: ='DAILY-ELEV-STR(1)'!G46 -> 8.32 | J25: ='DAILY-ELEV-STR(1)'!G61 -> 8.355 | K25: =J25/E25*100 -> 48.666123 | L25: 4.321 | M25: =L25/E25*100 -> 25.168919 | N25: 5.206 | O25: 3/1
B26: Καλαβασός | E26: 17.1 | F26: ='DAILY-ELEV-STR(1)'!H44 -> 0.033 | G26: =-'DAILY-ELEV-STR(1)'!H43-0.001 -> -0.003 | H26: =SUM(F26:G26) -> 0.03 | I26: ='DAILY-ELEV-STR(1)'!H46 -> 3.319 | J26: ='DAILY-ELEV-STR(1)'!H61 -> 3.572 | K26: =J26/E26*100 -> 20.888889 | L26: 4.507 | M26: =L26/E26*100 -> 26.356725 | N26: 4.726 | O26: 28/3
B27: Λεύκαρα | E27: 13.85 | F27: ='DAILY-ELEV-STR(1)'!I44 -> 0.009 | G27: =-'DAILY-ELEV-STR(1)'!I43-0.001 -> -0.002 | H27: =SUM(F27:G27) -> 0.007 | I27: ='DAILY-ELEV-STR(1)'!I46 -> 1.515 | J27: ='DAILY-ELEV-STR(1)'!I61 -> 2.445 | K27: =J27/E27*100 -> 17.65343 | L27: 3.287 | M27: =L27/E27*100 -> 23.732852 | N27: 5.651 | O27: 1/1
B28: Διπόταμος | E28: 15.5 | F28: ='DAILY-ELEV-STR(1)'!J44 -> 0.021 | G28: =-'DAILY-ELEV-STR(1)'!J43-0.002+0.013 -> -0.001 | H28: =SUM(F28:G28) -> 0.02 | I28: ='DAILY-ELEV-STR(1)'!J46 -> 3.157 | J28: ='DAILY-ELEV-STR(1)'!J61 -> 5.764 | K28: =J28/E28*100 -> 37.187097 | L28: 5.78 | M28: =L28/E28*100 -> 37.290323 | N28: 5.994 | O28: 30/5
B29: Γερμασόγεια | E29: 13.5 | F29: ='DAILY-ELEV-STR(1)'!K44 -> 0.033 | G29: =-'DAILY-ELEV-STR(1)'!K43-0.003 -> -0.004 | H29: =SUM(F29:G29) -> 0.029 | I29: ='DAILY-ELEV-STR(1)'!K46 -> 7.513 | J29: ='DAILY-ELEV-STR(1)'!K61 -> 7.132 | K29: =J29/E29*100 -> 52.82963 | L29: 3.381 | M29: =L29/E29*100 -> 25.044444 | N29: 3.795 | O29: 31/1
B30: Αρμίνου | E30: 4.3 | F30: ='DAILY-ELEV-STR(1)'!L44 -> 0.104 | G30: =-'DAILY-ELEV-STR(1)'!L43-0.1 -> -0.104 | H30: =SUM(F30:G30) -> 0 | I30: ='DAILY-ELEV-STR(1)'!L46 -> 17.135 | J30: ='DAILY-ELEV-STR(1)'!L61 -> 1.517 | K30: =J30/E30*100 -> 35.27907 | L30: 2.636 | M30: =L30/E30*100 -> 61.302326 | N30: 2.734 | O30: 14/5
B31: Πολεμίδια | E31: 3.4 | F31: ='DAILY-ELEV-STR(1)'!N44 -> 0.005 | G31: =-'DAILY-ELEV-STR(1)'!N43-0.001 -> -0.001 | H31: =SUM(F31:G31) -> 0.004 | I31: ='DAILY-ELEV-STR(1)'!N46 -> 1.322 | J31: ='DAILY-ELEV-STR(1)'!N61 -> 1.948 | K31: =J31/E31*100 -> 57.294118 | L31: 1.272 | M31: =L31/E31*100 -> 37.411765 | N31: 1.393 | O31: 21/2
B32: Μαυροκόλυμπος | E32: 2.18 | F32: ='DAILY-ELEV-STR(1)'!O44 -> 0.001 | G32: =-'DAILY-ELEV-STR(1)'!O43-0 -> -0.001 | H32: =SUM(F32:G32) -> 0 | I32: ='DAILY-ELEV-STR(1)'!O46 -> 0.918 | J32: ='DAILY-ELEV-STR(1)'!O61 -> 1.974 | K32: =J32/E32*100 -> 90.550459 | L32: 0 | M32: =L32/E32*100 -> 0 | N32: 1.398 | O32: 17/1
B33: Βυζακιά | E33: 1.69 | F33: ='DAILY-ELEV-STR(1)'!P44 -> 0.008 | G33: =-'DAILY-ELEV-STR(1)'!P43 -> 0 | H33: =SUM(F33:G33) -> 0.008 | I33: ='DAILY-ELEV-STR(1)'!P46 -> 1.636 | J33: ='DAILY-ELEV-STR(1)'!P61 -> 1.637 | K33: =J33/E33*100 -> 96.863905 | L33: 0.048 | M33: =L33/E33*100 -> 2.8402367 | N33: 0.051 | O33: 11/1
B34: Ξυλιάτος | E34: 1.43 | F34: ='DAILY-ELEV-STR(1)'!Q44 -> 0.002 | G34: =-'DAILY-ELEV-STR(1)'!Q43 -> 0 | H34: =SUM(F34:G34) -> 0.002 | I34: ='DAILY-ELEV-STR(1)'!Q46 -> 1.418 | J34: ='DAILY-ELEV-STR(1)'!Q61 -> 1.43 | K34: =J34/E34*100 -> 100 | L34: 0.314 | M34: =L34/E34*100 -> 21.958042 | N34: 0.335 | O34: 24/3
B35: Αργάκα | E35: 0.99 | F35: ='DAILY-ELEV-STR(1)'!R44 -> 0 | G35: =-'DAILY-ELEV-STR(1)'!R43 -> 0 | H35: =SUM(F35:G35) -> 0 | I35: ='DAILY-ELEV-STR(1)'!R46 -> 1.001 | J35: ='DAILY-ELEV-STR(1)'!R61 -> 0.99 | K35: =J35/E35*100 -> 100 | L35: 0.385 | M35: =L35/E35*100 -> 38.888889 | N35: 0.391 | O35: 17/4
B36: Πωμός | E36: 0.86 | F36: ='DAILY-ELEV-STR(1)'!S44 -> 0 | G36: =-'DAILY-ELEV-STR(1)'!S43 -> 0 | H36: =SUM(F36:G36) -> 0 | I36: ='DAILY-ELEV-STR(1)'!S46 -> 0.786 | J36: ='DAILY-ELEV-STR(1)'!S61 -> 0.86 | K36: =J36/E36*100 -> 100 | L36: 0.378 | M36: =L36/E36*100 -> 43.953488 | N36: 0.378 | O36: 30/4
B37: Καλοπαναγιώτης | E37: 0.363 | F37: ='DAILY-ELEV-STR(1)'!T44 -> 0 | G37: =-'DAILY-ELEV-STR(1)'!T43-0 -> 0 | H37: =SUM(F37:G37) -> 0 | I37: ='DAILY-ELEV-STR(1)'!T46 -> 0.311 | J37: ='DAILY-ELEV-STR(1)'!T61 -> 0.363 | K37: =J37/E37*100 -> 100 | L37: 0.317 | M37: =L37/E37*100 -> 87.327824 | N37: 0.32 | O37: 18/4
B38: Αγία Μαρίνα | E38: 0.298 | F38: ='DAILY-ELEV-STR(1)'!U44 -> 0 | G38: =-'DAILY-ELEV-STR(1)'!U43 -> 0 | H38: =SUM(F38:G38) -> 0 | I38: ='DAILY-ELEV-STR(1)'!U46 -> 0.243 | J38: ='DAILY-ELEV-STR(1)'!U61 -> 0.298 | K38: =J38/E38*100 -> 100 | L38: 0.177 | M38: =L38/E38*100 -> 59.395973 | N38: 0.177 | O38: 30,4
B39: Αχνα | E39: 6.8 | F39: ='DAILY-ELEV-STR(1)'!M44 -> 0 | G39: ='DAILY-ELEV-STR(1)'!M42 -> 0 | H39: =SUM(F39:G39) -> 0 | I39: ='DAILY-ELEV-STR(1)'!M46 -> 0 | J39: ='DAILY-ELEV-STR(1)'!M61 -> 0.149 | K39: =J39/E39*100 -> 2.1911765 | L39: 1.119 | M39: =L39/E39*100 -> 16.455882 | N39: 1.965 | O39: 5/2
B40: ΟΛΙΚΟ | E40: =SUM(E22:E39) -> 290.804 | F40: =SUM(F22:F39) -> 0.456 | G40: =SUM(G22:G39) -> -0.079 | H40: =SUM(H22:H39) -> 0.377 | I40: =SUM(I22:I39) -> 94.809 | J40: =SUM(J22:J39) -> 111.565 | K40: =J40/E40 -> 0.38364328 | L40: =SUM(L22:L39) -> 68.173 | M40: =L40/E40 -> 0.23442938 | N40: 77.383 | O40: 15/1
B41: ΟΛΙΚΟ *(Ε.Σ.Ν.Α.) | E41: =E22+E26+E27+E28+E29+E30+E31+E39 -> 189.45 | F41: =F22+F26+F27+F28+F29+F30+F31 -> 0.325 | G41: =G22+G26+G27+G28+G29+G30+G31+G39 -> -0.048 | H41: =H22+H26+H27+H28+H29+H30+H31+H39 -> 0.277 | I41: =I22+I26+I27+I28+I29+I30+I31+I39 -> 53.446 | J41: =J22+J26+J27+J28+J29+J30+J31+J39 -> 64.394 | K41: =J41/E41 -> 0.33989971 | L41: =L22+L26+L27+L28+L29+L30+L31+L39 -> 43.99 | M41: =L41/E41 -> 0.23219847 | N41: 48.934 | O41: 29/1
B42: * Ε.Σ.Ν.Α.(Ενιαίο Σχέδιο Νοτίου Αγωγού - Κούρης,Καλαβασός,Λεύκαρα,Διπόταμος,Γερμασόγεια,Πολεμίδια,Αρμίνου)
B43: Μεταφορά νερού από Αρμίνου στο φράγμα Κούρη από 01/10/2025 - | K43: ='DAILY-ELEV-STR(1)'!W115 -> 16.55 | L43: Ε.Κ.Μ.
B48: ΕΙΣΡΟΗ ΝΕΡΟΥ ΤΑ ΤΕΛΕΥΤΑΙΑ ΕΝΤΕΚΑ ΧΡΟΝΙΑ ( Ε.Κ.Μ. )
C49: 14/15 | E49: 15/16 | F49: 16/17 | G49: 17/18 | H49: 18/19 | I49: 19/20 | J49: 20/21 | K49: 21/22 | L49: 22/23 | M49: 23/24 | N49: 24/25 | O49: 25/26
B50: Οκτώβρη | C50: 0.315 | D50: 0.219 | E50: 1.024 | F50: 0.247 | G50: 0.142 | H50: 0.858 | I50: 2.4298378 | J50: 0.165 | K50: 0.084 | L50: 3.946 | M50: 0.583 | N50: 0 | O50: ='DAILY-ELEV-STR(1)'!V48 -> 0.095
B51: Νιόβρη | C51: 0.915 | D51: 2.219 | E51: 0.608 | F51: 0.657 | G51: 0.614 | H51: 0.757 | I51: 1.5453237 | J51: 0.942 | K51: 0.397 | L51: 2.976 | M51: 1.581 | N51: 3.084 | O51: ='DAILY-ELEV-STR(1)'!V49 -> 0.2
B52: Δεκέμβρη | C52: 2.14 | D52: 1.346 | E52: 1.248 | F52: 7.424 | G52: 0.881 | H52: 16.665 | I52: 30.495 | J52: 3.107 | K52: 11.923 | L52: 2.922 | M52: 2.34 | N52: 5.71 | O52: ='DAILY-ELEV-STR(1)'!V50 -> 1.903
B53: Γενάρη | C53: 38.354 | D53: 3.285 | E53: 3.685 | F53: 21.083 | G53: 20.661 | H53: 118.11 | I53: 47.74 | J53: 12.54 | K53: 74.614 | L53: 8.268 | M53: 7.3 | N53: 4.062 | O53: ='DAILY-ELEV-STR(1)'!V51 -> 12.67
B54: Φεβράρη | C54: 44.515 | D54: 9.089 | E54: 2.824 | F54: 4.181 | G54: 9.528 | H54: 53.909 | I54: 15.916 | J54: 8.016 | K54: 33.963 | L54: 12.603 | M54: 6.676 | N54: 2.451 | O54: ='DAILY-ELEV-STR(1)'!V52 -> 24.201
B55: Μάρτη | C55: 17.669 | D55: 5.266 | E55: 6.132 | F55: 8.891 | G55: 5.944 | H55: 32.283 | I55: 15.67 | J55: 6.022 | K55: 19.801 | L55: 9.517 | M55: 2.92 | N55: 1.465 | O55: ='DAILY-ELEV-STR(1)'!V53 -> 35.414
B56: Απρίλη | C56: 8.233 | D56: 1.564 | E56: 1.314 | F56: 4.398 | G56: 2.176 | H56: 25.326 | I56: 11.062 | J56: 4.156 | K56: 8.139 | L56: 4.741 | M56: 1.801 | N56: 1.096 | O56: ='DAILY-ELEV-STR(1)'!V45 -> 20.326
B57: Μάη | C57: 3.137 | D57: 0.479 | E57: 0.961 | F57: 1.78 | G57: 2.802 | H57: 8.869 | I57: 7.317 | J57: 0.899 | K57: 3.44 | L57: 2.728 | M57: 0.91 | N57: 0.716 | O57: ='DAILY-ELEV-STR(1)'!V55 -> 0
B58: Ιούνη | C58: 0.976 | D58: 0.054 | E58: 0.105 | F58: 0.228 | G58: 2.022 | H58: 6.199 | I58: 2.747 | J58: 0.192 | K58: 1.264 | L58: 0.891 | M58: 0.297 | N58: 0.076 | O58: ='DAILY-ELEV-STR(1)'!V56 -> 0
B59: Ιούλη | C59: 0.091 | D59: 0.511 | E59: 0 | F59: 0 | G59: 0.05 | H59: 1.524 | I59: 0.866 | J59: 0.024 | K59: 0.093 | L59: 0 | M59: 0.098 | N59: 0 | O59: ='DAILY-ELEV-STR(1)'!V57 -> 0
B60: Αυγ.-Σεπτ. | C60: 0.007 | D60: 0 | E60: 0.006 | F60: 0 | G60: 0.077 | H60: 0.54209981 | I60: 0.161 | J60: 0.035 | K60: 0.035 | L60: 0.186 | M60: 0.208 | N60: 0.004 | O60: ='DAILY-ELEV-STR(1)'!V58+'DAILY-ELEV-STR(1)'!V59 -> 0
B61: ΟΛΙΚΟ | C61: =SUM(C50:C60) -> 116.352 | E61: =SUM(E50:E60) -> 17.907 | F61: =SUM(F50:F60) -> 48.889 | G61: =SUM(G50:G60) -> 44.897 | H61: =SUM(H50:H60) -> 265.0421 | I61: =SUM(I50:I60) -> 135.94916 | J61: =SUM(J50:J60) -> 36.098 | K61: =SUM(K50:K60) -> 153.753 | L61: =SUM(L50:L60) -> 48.778 | ... O61: =SUM(O50:O60) -> 94.809
B62: ΙΣΤΟΣΕΛΙΔΑ ΤΑΥ www.moa.gov.cy/wdd

Sheet ΕΙΣΡΟΕΣ-ΕΚΡΟΕΣ(3)
B10: ΑΝΑΛΥΣΗ ΠΟΣΟΤΗΤΩΝ ΝΕΡΟΥ ΣΤΑ ΜΕΓΑΛΑ ΦΡΑΓΜΑΤΑ
B11: ΕΙΣΡΟΕΣ - ΜΕΤΑΦΟΡΕΣ - ΕΚΡΟΕΣ - ΑΠΟΘΕΜΑΤΑ
M12: ='ΚΑΤΑΧΩΡΗΣΗ-ΕΛΕΓΧΟΣ(2)'!O12 -> 46135
E13: Εισροή , Μεταφορά Νερού, Εκροές | I13: Αποθηκευμένη Ποσότητα
D14: Χωρητι- | M14: Μέγιστη
B15: Φράγμα | D15: κότητα | E15: Εισροή | F15: Μεταφορά απο | G15: Συνολική | H15: Συνολική | I15: Σημερινή | K15: Αντίστοιχη Περσινή | M15: Ποσότητα
E16: ='ΚΑΤΑΧΩΡΗΣΗ-ΕΛΕΓΧΟΣ(2)'!F16 -> 24ώρου | F16: Φράγματα | G16: Αύξηση + | H16: Εισροή
F17: Αφαλάτωση | G17: Μείωση - | J17: Πληρό- | L17: Πληρό- | M17: ='ΚΑΤΑΧΩΡΗΣΗ-ΕΛΕΓΧΟΣ(2)'!N17 -> 2025
F18: Ανακύκλωση | G18: Αποθεμά- | J18: τητα | L18: τητα
F19: Αλλες Πηγές + | G19: των
F20: Εκροές -Εξάτμ.- | H20: Απο
D21: Ε.Κ.Μ | E21: Ε.Κ.Μ | F21: =E16 -> 24ώρου | G21: =E16 -> 24ώρου | H21: ='ΚΑΤΑΧΩΡΗΣΗ-ΕΛΕΓΧΟΣ(2)'!I21 -> 1/10/2025 | I21: Ε.Κ.Μ. | J21: % | K21: Ε.Κ.Μ. | L21: % | M21: Ε.Κ.Μ | N21: Ημερομ.
B22: ΝΟΤΙΟΣ ΑΓΩΓΟΣ
B23: Κούρης | D23: 115 | E23: ='DAILY-ELEV-STR(1)'!D44 -> 0.12 | F23: ='ΚΑΤΑΧΩΡΗΣΗ-ΕΛΕΓΧΟΣ(2)'!G22 -> 0.067 | G23: =SUM(E23:F23) -> 0.187 | H23: ='DAILY-ELEV-STR(1)'!D46 -> 19.485 | I23: ='DAILY-ELEV-STR(1)'!D61 -> 41.867 | J23: =I23/D23*100 -> 36.406087 | K23: ='ΚΑΤΑΧΩΡΗΣΗ-ΕΛΕΓΧΟΣ(2)'!L22 -> 22.008 | L23: =K23/D23*100 -> 19.137391 | M23: ='ΚΑΤΑΧΩΡΗΣΗ-ΕΛΕΓΧΟΣ(2)'!N22 -> 25.538 | N23: ='ΚΑΤΑΧΩΡΗΣΗ-ΕΛΕΓΧΟΣ(2)'!O22 -> 7/1
B24: Καλαβασός | D24: 17.1 | E24: ='DAILY-ELEV-STR(1)'!H44 -> 0.033 | F24: ='ΚΑΤΑΧΩΡΗΣΗ-ΕΛΕΓΧΟΣ(2)'!G26 -> -0.003 | G24: =SUM(E24:F24) -> 0.03 | H24: ='DAILY-ELEV-STR(1)'!H46 -> 3.319 | I24: ='DAILY-ELEV-STR(1)'!H61 -> 3.572 | J24: =I24/D24*100 -> 20.888889 | K24: ='ΚΑΤΑΧΩΡΗΣΗ-ΕΛΕΓΧΟΣ(2)'!L26 -> 4.507 | L24: =K24/D24*100 -> 26.356725 | M24: ='ΚΑΤΑΧΩΡΗΣΗ-ΕΛΕΓΧΟΣ(2)'!N26 -> 4.726 | N24: ='ΚΑΤΑΧΩΡΗΣΗ-ΕΛΕΓΧΟΣ(2)'!O26 -> 28/3
B25: Λεύκαρα | D25: 13.85 | E25: ='DAILY-ELEV-STR(1)'!I44 -> 0.009 | F25: ='ΚΑΤΑΧΩΡΗΣΗ-ΕΛΕΓΧΟΣ(2)'!G27 -> -0.002 | G25: =SUM(E25:F25) -> 0.007 | H25: ='DAILY-ELEV-STR(1)'!I46 -> 1.515 | I25: ='DAILY-ELEV-STR(1)'!I61 -> 2.445 | J25: =I25/D25*100 -> 17.65343 | K25: ='ΚΑΤΑΧΩΡΗΣΗ-ΕΛΕΓΧΟΣ(2)'!L27 -> 3.287 | L25: =K25/D25*100 -> 23.732852 | M25: ='ΚΑΤΑΧΩΡΗΣΗ-ΕΛΕΓΧΟΣ(2)'!N27 -> 5.651 | N25: ='ΚΑΤΑΧΩΡΗΣΗ-ΕΛΕΓΧΟΣ(2)'!O27 -> 1/1
B26: Διπόταμος | D26: 15.5 | E26: ='DAILY-ELEV-STR(1)'!J44 -> 0.021 | F26: ='ΚΑΤΑΧΩΡΗΣΗ-ΕΛΕΓΧΟΣ(2)'!G28 -> -0.001 | G26: =SUM(E26:F26) -> 0.02 | H26: ='DAILY-ELEV-STR(1)'!J46 -> 3.157 | I26: ='DAILY-ELEV-STR(1)'!J61 -> 5.764 | J26: =I26/D26*100 -> 37.187097 | K26: ='ΚΑΤΑΧΩΡΗΣΗ-ΕΛΕΓΧΟΣ(2)'!L28 -> 5.78 | L26: =K26/D26*100 -> 37.290323 | M26: ='ΚΑΤΑΧΩΡΗΣΗ-ΕΛΕΓΧΟΣ(2)'!N28 -> 5.994 | N26: ='ΚΑΤΑΧΩΡΗΣΗ-ΕΛΕΓΧΟΣ(2)'!O28 -> 30/5
B27: Γερμασόγεια | D27: 13.5 | E27: ='DAILY-ELEV-STR(1)'!K44 -> 0.033 | F27: ='ΚΑΤΑΧΩΡΗΣΗ-ΕΛΕΓΧΟΣ(2)'!G29 -> -0.004 | G27: =SUM(E27:F27) -> 0.029 | H27: ='DAILY-ELEV-STR(1)'!K46 -> 7.513 | I27: ='DAILY-ELEV-STR(1)'!K61 -> 7.132 | J27: =I27/D27*100 -> 52.82963 | K27: ='ΚΑΤΑΧΩΡΗΣΗ-ΕΛΕΓΧΟΣ(2)'!L29 -> 3.381 | L27: =K27/D27*100 -> 25.044444 | M27: ='ΚΑΤΑΧΩΡΗΣΗ-ΕΛΕΓΧΟΣ(2)'!N29 -> 3.795 | N27: ='ΚΑΤΑΧΩΡΗΣΗ-ΕΛΕΓΧΟΣ(2)'!O29 -> 31/1
B28: Αρμίνου | D28: 4.3 | E28: ='DAILY-ELEV-STR(1)'!L44 -> 0.104 | F28: ='ΚΑΤΑΧΩΡΗΣΗ-ΕΛΕΓΧΟΣ(2)'!G30 -> -0.104 | G28: =SUM(E28:F28) -> 0 | H28: ='DAILY-ELEV-STR(1)'!L46 -> 17.135 | I28: ='DAILY-ELEV-STR(1)'!L61 -> 1.517 | J28: =I28/D28*100 -> 35.27907 | K28: ='ΚΑΤΑΧΩΡΗΣΗ-ΕΛΕΓΧΟΣ(2)'!L30 -> 2.636 | L28: =K28/D28*100 -> 61.302326 | M28: ='ΚΑΤΑΧΩΡΗΣΗ-ΕΛΕΓΧΟΣ(2)'!N30 -> 2.734 | N28: ='ΚΑΤΑΧΩΡΗΣΗ-ΕΛΕΓΧΟΣ(2)'!O30 -> 14/5
B29: Πολεμίδια | D29: 3.4 | E29: ='DAILY-ELEV-STR(1)'!N44 -> 0.005 | F29: ='ΚΑΤΑΧΩΡΗΣΗ-ΕΛΕΓΧΟΣ(2)'!G31 -> -0.001 | G29: =SUM(E29:F29) -> 0.004 | H29: ='DAILY-ELEV-STR(1)'!N46 -> 1.322 | I29: ='DAILY-ELEV-STR(1)'!N61 -> 1.948 | J29: =I29/D29*100 -> 57.294118 | K29: ='ΚΑΤΑΧΩΡΗΣΗ-ΕΛΕΓΧΟΣ(2)'!L31 -> 1.272 | L29: =K29/D29*100 -> 37.411765 | M29: ='ΚΑΤΑΧΩΡΗΣΗ-ΕΛΕΓΧΟΣ(2)'!N31 -> 1.393 | N29: ='ΚΑΤΑΧΩΡΗΣΗ-ΕΛΕΓΧΟΣ(2)'!O31 -> 21/2
B30: Αχνα | D30: 6.8 | E30: ='DAILY-ELEV-STR(1)'!M44 -> 0 | F30: ='ΚΑΤΑΧΩΡΗΣΗ-ΕΛΕΓΧΟΣ(2)'!G39 -> 0 | G30: ='DAILY-ELEV-STR(1)'!M42 -> 0 | H30: ='DAILY-ELEV-STR(1)'!M46 -> 0 | I30: ='DAILY-ELEV-STR(1)'!M61 -> 0.149 | J30: =I30/D30*100 -> 2.1911765 | K30: ='ΚΑΤΑΧΩΡΗΣΗ-ΕΛΕΓΧΟΣ(2)'!L39 -> 1.119 | L30: =K30/D30*100 -> 16.455882 | M30: ='ΚΑΤΑΧΩΡΗΣΗ-ΕΛΕΓΧΟΣ(2)'!N39 -> 1.965 | N30: ='ΚΑΤΑΧΩΡΗΣΗ-ΕΛΕΓΧΟΣ(2)'!O39 -> 5/2
B31: ΟΛΙΚΟ | D31: =SUM(D23:D30) -> 189.45 | E31: =SUM(E23:E30) -> 0.325 | F31: =SUM(F23:F30) -> -0.048 | G31: =SUM(G23:G30) -> 0.277 | H31: =SUM(H23:H30) -> 53.446 | I31: =SUM(I23:I30) -> 64.394 | J31: =I31/D31*100 -> 33.989971 | K31: =SUM(K23:K30) -> 43.99 | L31: =K31/D31*100 -> 23.219847 | M31: ='ΚΑΤΑΧΩΡΗΣΗ-ΕΛΕΓΧΟΣ(2)'!N41 -> 48.934 | N31: ='ΚΑΤΑΧΩΡΗΣΗ-ΕΛΕΓΧΟΣ(2)'!O41 -> 29/1
B32: ΠΑΦΟΣ
B33: Ασπρόκρεμμος | D33: 52.375 | E33: ='DAILY-ELEV-STR(1)'!E44 -> 0.056 | F33: ='ΚΑΤΑΧΩΡΗΣΗ-ΕΛΕΓΧΟΣ(2)'!G23 -> -0.014 | G33: =SUM(E33:F33) -> 0.042 | H33: ='DAILY-ELEV-STR(1)'!E46 -> 17.938 | I33: ='DAILY-ELEV-STR(1)'!E61 -> 20.377 | J33: =I33/D33*100 -> 38.905967 | K33: ='ΚΑΤΑΧΩΡΗΣΗ-ΕΛΕΓΧΟΣ(2)'!L23 -> 12.514 | L33: =K33/D33*100 -> 23.893079 | M33: ='ΚΑΤΑΧΩΡΗΣΗ-ΕΛΕΓΧΟΣ(2)'!N23 -> 15.348 | N33: ='ΚΑΤΑΧΩΡΗΣΗ-ΕΛΕΓΧΟΣ(2)'!O23 -> 3/1
B34: Κανναβιού | D34: 17.168 | E34: ='DAILY-ELEV-STR(1)'!G44 -> 0.023 | F34: ='ΚΑΤΑΧΩΡΗΣΗ-ΕΛΕΓΧΟΣ(2)'!G25 -> -0.012 | G34: =SUM(E34:F34) -> 0.011 | H34: ='DAILY-ELEV-STR(1)'!G46 -> 8.32 | I34: ='DAILY-ELEV-STR(1)'!G61 -> 8.355 | J34: =I34/D34*100 -> 48.666123 | K34: ='ΚΑΤΑΧΩΡΗΣΗ-ΕΛΕΓΧΟΣ(2)'!L25 -> 4.321 | L34: =K34/D34*100 -> 25.168919 | M34: ='ΚΑΤΑΧΩΡΗΣΗ-ΕΛΕΓΧΟΣ(2)'!N25 -> 5.206 | N34: ='ΚΑΤΑΧΩΡΗΣΗ-ΕΛΕΓΧΟΣ(2)'!O25 -> 3/1
B35: Μαυροκόλυμπος | D35: 2.18 | E35: ='DAILY-ELEV-STR(1)'!O44 -> 0.001 | F35: ='ΚΑΤΑΧΩΡΗΣΗ-ΕΛΕΓΧΟΣ(2)'!G32 -> -0.001 | G35: =SUM(E35:F35) -> 0 | H35: ='DAILY-ELEV-STR(1)'!O46 -> 0.918 | I35: ='DAILY-ELEV-STR(1)'!O61 -> 1.974 | J35: =I35/D35*100 -> 90.550459 | K35: ='ΚΑΤΑΧΩΡΗΣΗ-ΕΛΕΓΧΟΣ(2)'!L32 -> 0 | L35: =K35/D35*100 -> 0 | M35: ='ΚΑΤΑΧΩΡΗΣΗ-ΕΛΕΓΧΟΣ(2)'!N32 -> 1.398 | N35: ='ΚΑΤΑΧΩΡΗΣΗ-ΕΛΕΓΧΟΣ(2)'!O32 -> 17/1
B36: ΟΛΙΚΟ | D36: =SUM(D33:D35) -> 71.723 | E36: =SUM(E33:E35) -> 0.08 | F36: =SUM(F33:F35) -> -0.027 | G36: =SUM(G33:G35) -> 0.053 | H36: =SUM(H33:H35) -> 27.176 | I36: =SUM(I33:I35) -> 30.706 | J36: =I36/D36*100 -> 42.811929 | K36: =SUM(K33:K35) -> 16.835 | L36: =K36/D36*100 -> 23.472247 | M36: 21.739 | N36: 3/1
B37: ΧΡΥΣΟΧΟΥ
B38: Ευρέτου | D38: 24 | E38: ='DAILY-ELEV-STR(1)'!F44 -> 0.041 | F38: ='ΚΑΤΑΧΩΡΗΣΗ-ΕΛΕΓΧΟΣ(2)'!G24 -> -0.004 | G38: =SUM(E38:F38) -> 0.037 | H38: ='DAILY-ELEV-STR(1)'!F46 -> 8.792 | I38: ='DAILY-ELEV-STR(1)'!F61 -> 10.887 | J38: =I38/D38*100 -> 45.3625 | K38: ='ΚΑΤΑΧΩΡΗΣΗ-ΕΛΕΓΧΟΣ(2)'!L24 -> 5.729 | L38: =K38/D38*100 -> 23.870833 | M38: ='ΚΑΤΑΧΩΡΗΣΗ-ΕΛΕΓΧΟΣ(2)'!N24 -> 6.201 | N38: ='ΚΑΤΑΧΩΡΗΣΗ-ΕΛΕΓΧΟΣ(2)'!O24 -> 7/3
B39: Αργάκα | D39: 0.99 | E39: ='DAILY-ELEV-STR(1)'!R44 -> 0 | F39: ='ΚΑΤΑΧΩΡΗΣΗ-ΕΛΕΓΧΟΣ(2)'!G35 -> 0 | G39: =SUM(E39:F39) -> 0 | H39: ='DAILY-ELEV-STR(1)'!R46 -> 1.001 | I39: ='DAILY-ELEV-STR(1)'!R61 -> 0.99 | J39: =I39/D39*100 -> 100 | K39: ='ΚΑΤΑΧΩΡΗΣΗ-ΕΛΕΓΧΟΣ(2)'!L35 -> 0.385 | L39: =K39/D39*100 -> 38.888889 | M39: ='ΚΑΤΑΧΩΡΗΣΗ-ΕΛΕΓΧΟΣ(2)'!N35 -> 0.391 | N39: ='ΚΑΤΑΧΩΡΗΣΗ-ΕΛΕΓΧΟΣ(2)'!O35 -> 17/4
B40: Πωμός | D40: 0.86 | E40: ='DAILY-ELEV-STR(1)'!S44 -> 0 | F40: ='ΚΑΤΑΧΩΡΗΣΗ-ΕΛΕΓΧΟΣ(2)'!G36 -> 0 | G40: =SUM(E40:F40) -> 0 | H40: ='DAILY-ELEV-STR(1)'!S46 -> 0.786 | I40: ='DAILY-ELEV-STR(1)'!S61 -> 0.86 | J40: =I40/D40*100 -> 100 | K40: ='ΚΑΤΑΧΩΡΗΣΗ-ΕΛΕΓΧΟΣ(2)'!L36 -> 0.378 | L40: =K40/D40*100 -> 43.953488 | M40: ='ΚΑΤΑΧΩΡΗΣΗ-ΕΛΕΓΧΟΣ(2)'!N36 -> 0.378 | N40: ='ΚΑΤΑΧΩΡΗΣΗ-ΕΛΕΓΧΟΣ(2)'!O36 -> 30/4
B41: Αγία Μαρίνα | D41: 0.298 | E41: ='DAILY-ELEV-STR(1)'!U44 -> 0 | F41: ='ΚΑΤΑΧΩΡΗΣΗ-ΕΛΕΓΧΟΣ(2)'!G38 -> 0 | G41: =SUM(E41:F41) -> 0 | H41: ='DAILY-ELEV-STR(1)'!U46 -> 0.243 | I41: ='DAILY-ELEV-STR(1)'!U61 -> 0.298 | J41: =I41/D41*100 -> 100 | K41: ='ΚΑΤΑΧΩΡΗΣΗ-ΕΛΕΓΧΟΣ(2)'!L38 -> 0.177 | L41: =K41/D41*100 -> 59.395973 | M41: ='ΚΑΤΑΧΩΡΗΣΗ-ΕΛΕΓΧΟΣ(2)'!N38 -> 0.177 | N41: ='ΚΑΤΑΧΩΡΗΣΗ-ΕΛΕΓΧΟΣ(2)'!O38 -> 30,4
B42: ΟΛΙΚΟ | D42: =SUM(D38:D41) -> 26.148 | E42: =SUM(E38:E41) -> 0.041 | F42: =SUM(F38:F41) -> -0.004 | G42: =SUM(G38:G41) -> 0.037 | H42: =SUM(H38:H41) -> 10.822 | I42: =SUM(I38:I41) -> 13.035 | J42: =I42/D42*100 -> 49.850849 | K42: =SUM(K38:K41) -> 6.669 | L42: =K42/D42*100 -> 25.504819 | M42: 7.061 | N42: 7/3
B43: ΛΕΥΚΩΣΙΑ
B44: Βυζακιά | D44: 1.69 | E44: ='DAILY-ELEV-STR(1)'!P44 -> 0.008 | F44: ='ΚΑΤΑΧΩΡΗΣΗ-ΕΛΕΓΧΟΣ(2)'!G33 -> 0 | G44: =SUM(E44:F44) -> 0.008 | H44: ='DAILY-ELEV-STR(1)'!P46 -> 1.636 | I44: ='DAILY-ELEV-STR(1)'!P61 -> 1.637 | J44: =I44/D44*100 -> 96.863905 | K44: ='ΚΑΤΑΧΩΡΗΣΗ-ΕΛΕΓΧΟΣ(2)'!L33 -> 0.048 | L44: =K44/D44*100 -> 2.8402367 | M44: ='ΚΑΤΑΧΩΡΗΣΗ-ΕΛΕΓΧΟΣ(2)'!N33 -> 0.051 | N44: ='ΚΑΤΑΧΩΡΗΣΗ-ΕΛΕΓΧΟΣ(2)'!O33 -> 11/1
B45: Ξυλιάτος | D45: 1.43 | E45: ='DAILY-ELEV-STR(1)'!Q44 -> 0.002 | F45: ='ΚΑΤΑΧΩΡΗΣΗ-ΕΛΕΓΧΟΣ(2)'!G34 -> 0 | G45: =SUM(E45:F45) -> 0.002 | H45: ='DAILY-ELEV-STR(1)'!Q46 -> 1.418 | I45: ='DAILY-ELEV-STR(1)'!Q61 -> 1.43 | J45: =I45/D45*100 -> 100 | K45: ='ΚΑΤΑΧΩΡΗΣΗ-ΕΛΕΓΧΟΣ(2)'!L34 -> 0.314 | L45: =K45/D45*100 -> 21.958042 | M45: ='ΚΑΤΑΧΩΡΗΣΗ-ΕΛΕΓΧΟΣ(2)'!N34 -> 0.335 | N45: ='ΚΑΤΑΧΩΡΗΣΗ-ΕΛΕΓΧΟΣ(2)'!O34 -> 24/3
B46: Καλοπαναγιώτης | D46: 0.363 | E46: ='DAILY-ELEV-STR(1)'!T44 -> 0 | F46: ='ΚΑΤΑΧΩΡΗΣΗ-ΕΛΕΓΧΟΣ(2)'!G37 -> 0 | G46: =SUM(E46:F46) -> 0 | H46: ='DAILY-ELEV-STR(1)'!T46 -> 0.311 | I46: ='DAILY-ELEV-STR(1)'!T61 -> 0.363 | J46: =I46/D46*100 -> 100 | K46: ='ΚΑΤΑΧΩΡΗΣΗ-ΕΛΕΓΧΟΣ(2)'!L37 -> 0.317 | L46: =K46/D46*100 -> 87.327824 | M46: ='ΚΑΤΑΧΩΡΗΣΗ-ΕΛΕΓΧΟΣ(2)'!N37 -> 0.32 | N46: ='ΚΑΤΑΧΩΡΗΣΗ-ΕΛΕΓΧΟΣ(2)'!O37 -> 18/4
B47: ΟΛΙΚΟ | D47: =SUM(D44:D46) -> 3.483 | E47: =SUM(E44:E46) -> 0.01 | F47: =SUM(F44:F46) -> 0 | G47: =SUM(G44:G46) -> 0.01 | H47: =SUM(H44:H46) -> 3.365 | I47: =SUM(I44:I46) -> 3.43 | J47: =I47/D47*100 -> 98.478323 | K47: =SUM(K44:K46) -> 0.679 | L47: =K47/D47*100 -> 19.494688 | M47: 0.696 | N47: 24/3
B49: ΓΕΝΙΚΟ ΣΥΝΟΛΟ | D49: =D31+D36+D42+D47 -> 290.804 | E49: =E47+E42+E36+E31 -> 0.456 | F49: =F47+F42+F36+F31 -> -0.079 | G49: =G47+G42+G36+G31 -> 0.377 | H49: =H47+H42+H36+H31 -> 94.809 | I49: =I47+I42+I36+I31 -> 111.565 | J49: =I49/D49 -> 0.38364328 | K49: =K47+K42+K36+K31 -> 68.173 | L49: =K49/D49 -> 0.23442938 | M49: ='ΚΑΤΑΧΩΡΗΣΗ-ΕΛΕΓΧΟΣ(2)'!N40 -> 77.383 | N49: ='ΚΑΤΑΧΩΡΗΣΗ-ΕΛΕΓΧΟΣ(2)'!O40 -> 15/1
B50: ='ΚΑΤΑΧΩΡΗΣΗ-ΕΛΕΓΧΟΣ(2)'!B42 -> * Ε.Σ.Ν.Α.(Ενιαίο Σχέδιο Νοτίου Αγωγού - Κούρης,Καλαβασός,Λεύκαρα,Διπόταμος,Γερμασόγεια,Πολεμίδια,Αρμίνου)
B51: ='ΚΑΤΑΧΩΡΗΣΗ-ΕΛΕΓΧΟΣ(2)'!B43 -> Μεταφορά νερού από Αρμίνου στο φράγμα Κούρη από 01/10/2025 - | I51: ='ΚΑΤΑΧΩΡΗΣΗ-ΕΛΕΓΧΟΣ(2)'!K43 -> 16.55 | J51: Ε.Κ.Μ.
B53: ΕΙΣΡΟΗ ΝΕΡΟΥ ΤΑ ΤΕΛΕΥΤΑΙΑ ΕΝΤΕΚΑ ΧΡΟΝΙΑ ( Ε.Κ.Μ. )
C54: 14/15 | D54: 15/16 | E54: 16/17 | F54: 17/18 | G54: 18/19 | H54: 19/20 | I54: 20/21 | J54: 21/22 | K54: 22/23 | L54: 23/24 | M54: 24/25 | N54: 25/26
B55: Οκτώβρη | C55: ='ΚΑΤΑΧΩΡΗΣΗ-ΕΛΕΓΧΟΣ(2)'!C50 -> 0.315 | D55: ='ΚΑΤΑΧΩΡΗΣΗ-ΕΛΕΓΧΟΣ(2)'!E50 -> 1.024 | E55: ='ΚΑΤΑΧΩΡΗΣΗ-ΕΛΕΓΧΟΣ(2)'!F50 -> 0.247 | F55: ='ΚΑΤΑΧΩΡΗΣΗ-ΕΛΕΓΧΟΣ(2)'!G50 -> 0.142 | G55: ='ΚΑΤΑΧΩΡΗΣΗ-ΕΛΕΓΧΟΣ(2)'!H50 -> 0.858 | H55: ='ΚΑΤΑΧΩΡΗΣΗ-ΕΛΕΓΧΟΣ(2)'!I50 -> 2.4298378 | I55: ='ΚΑΤΑΧΩΡΗΣΗ-ΕΛΕΓΧΟΣ(2)'!J50 -> 0.165 | J55: ='ΚΑΤΑΧΩΡΗΣΗ-ΕΛΕΓΧΟΣ(2)'!K50 -> 0.084 | K55: ='ΚΑΤΑΧΩΡΗΣΗ-ΕΛΕΓΧΟΣ(2)'!L50 -> 3.946 | ... N55: ='ΚΑΤΑΧΩΡΗΣΗ-ΕΛΕΓΧΟΣ(2)'!O50 -> 0.095
B56: Νιόβρη | C56: ='ΚΑΤΑΧΩΡΗΣΗ-ΕΛΕΓΧΟΣ(2)'!C51 -> 0.915 | D56: ='ΚΑΤΑΧΩΡΗΣΗ-ΕΛΕΓΧΟΣ(2)'!E51 -> 0.608 | E56: ='ΚΑΤΑΧΩΡΗΣΗ-ΕΛΕΓΧΟΣ(2)'!F51 -> 0.657 | F56: ='ΚΑΤΑΧΩΡΗΣΗ-ΕΛΕΓΧΟΣ(2)'!G51 -> 0.614 | G56: ='ΚΑΤΑΧΩΡΗΣΗ-ΕΛΕΓΧΟΣ(2)'!H51 -> 0.757 | H56: ='ΚΑΤΑΧΩΡΗΣΗ-ΕΛΕΓΧΟΣ(2)'!I51 -> 1.5453237 | I56: ='ΚΑΤΑΧΩΡΗΣΗ-ΕΛΕΓΧΟΣ(2)'!J51 -> 0.942 | J56: ='ΚΑΤΑΧΩΡΗΣΗ-ΕΛΕΓΧΟΣ(2)'!K51 -> 0.397 | K56: ='ΚΑΤΑΧΩΡΗΣΗ-ΕΛΕΓΧΟΣ(2)'!L51 -> 2.976 | ... N56: ='ΚΑΤΑΧΩΡΗΣΗ-ΕΛΕΓΧΟΣ(2)'!O51 -> 0.2
B57: Δεκέμβρη | C57: ='ΚΑΤΑΧΩΡΗΣΗ-ΕΛΕΓΧΟΣ(2)'!C52 -> 2.14 | D57: ='ΚΑΤΑΧΩΡΗΣΗ-ΕΛΕΓΧΟΣ(2)'!E52 -> 1.248 | E57: ='ΚΑΤΑΧΩΡΗΣΗ-ΕΛΕΓΧΟΣ(2)'!F52 -> 7.424 | F57: ='ΚΑΤΑΧΩΡΗΣΗ-ΕΛΕΓΧΟΣ(2)'!G52 -> 0.881 | G57: ='ΚΑΤΑΧΩΡΗΣΗ-ΕΛΕΓΧΟΣ(2)'!H52 -> 16.665 | H57: ='ΚΑΤΑΧΩΡΗΣΗ-ΕΛΕΓΧΟΣ(2)'!I52 -> 30.495 | I57: ='ΚΑΤΑΧΩΡΗΣΗ-ΕΛΕΓΧΟΣ(2)'!J52 -> 3.107 | J57: ='ΚΑΤΑΧΩΡΗΣΗ-ΕΛΕΓΧΟΣ(2)'!K52 -> 11.923 | K57: ='ΚΑΤΑΧΩΡΗΣΗ-ΕΛΕΓΧΟΣ(2)'!L52 -> 2.922 | ... N57: ='ΚΑΤΑΧΩΡΗΣΗ-ΕΛΕΓΧΟΣ(2)'!O52 -> 1.903
B58: Γενάρη | C58: ='ΚΑΤΑΧΩΡΗΣΗ-ΕΛΕΓΧΟΣ(2)'!C53 -> 38.354 | D58: ='ΚΑΤΑΧΩΡΗΣΗ-ΕΛΕΓΧΟΣ(2)'!E53 -> 3.685 | E58: ='ΚΑΤΑΧΩΡΗΣΗ-ΕΛΕΓΧΟΣ(2)'!F53 -> 21.083 | F58: ='ΚΑΤΑΧΩΡΗΣΗ-ΕΛΕΓΧΟΣ(2)'!G53 -> 20.661 | G58: ='ΚΑΤΑΧΩΡΗΣΗ-ΕΛΕΓΧΟΣ(2)'!H53 -> 118.11 | H58: ='ΚΑΤΑΧΩΡΗΣΗ-ΕΛΕΓΧΟΣ(2)'!I53 -> 47.74 | I58: ='ΚΑΤΑΧΩΡΗΣΗ-ΕΛΕΓΧΟΣ(2)'!J53 -> 12.54 | J58: ='ΚΑΤΑΧΩΡΗΣΗ-ΕΛΕΓΧΟΣ(2)'!K53 -> 74.614 | K58: ='ΚΑΤΑΧΩΡΗΣΗ-ΕΛΕΓΧΟΣ(2)'!L53 -> 8.268 | ... N58: ='ΚΑΤΑΧΩΡΗΣΗ-ΕΛΕΓΧΟΣ(2)'!O53 -> 12.67
B59: Φεβράρη | C59: ='ΚΑΤΑΧΩΡΗΣΗ-ΕΛΕΓΧΟΣ(2)'!C54 -> 44.515 | D59: ='ΚΑΤΑΧΩΡΗΣΗ-ΕΛΕΓΧΟΣ(2)'!E54 -> 2.824 | E59: ='ΚΑΤΑΧΩΡΗΣΗ-ΕΛΕΓΧΟΣ(2)'!F54 -> 4.181 | F59: ='ΚΑΤΑΧΩΡΗΣΗ-ΕΛΕΓΧΟΣ(2)'!G54 -> 9.528 | G59: ='ΚΑΤΑΧΩΡΗΣΗ-ΕΛΕΓΧΟΣ(2)'!H54 -> 53.909 | H59: ='ΚΑΤΑΧΩΡΗΣΗ-ΕΛΕΓΧΟΣ(2)'!I54 -> 15.916 | I59: ='ΚΑΤΑΧΩΡΗΣΗ-ΕΛΕΓΧΟΣ(2)'!J54 -> 8.016 | J59: ='ΚΑΤΑΧΩΡΗΣΗ-ΕΛΕΓΧΟΣ(2)'!K54 -> 33.963 | K59: ='ΚΑΤΑΧΩΡΗΣΗ-ΕΛΕΓΧΟΣ(2)'!L54 -> 12.603 | ... N59: ='ΚΑΤΑΧΩΡΗΣΗ-ΕΛΕΓΧΟΣ(2)'!O54 -> 24.201
B60: Μάρτη | C60: ='ΚΑΤΑΧΩΡΗΣΗ-ΕΛΕΓΧΟΣ(2)'!C55 -> 17.669 | D60: ='ΚΑΤΑΧΩΡΗΣΗ-ΕΛΕΓΧΟΣ(2)'!E55 -> 6.132 | E60: ='ΚΑΤΑΧΩΡΗΣΗ-ΕΛΕΓΧΟΣ(2)'!F55 -> 8.891 | F60: ='ΚΑΤΑΧΩΡΗΣΗ-ΕΛΕΓΧΟΣ(2)'!G55 -> 5.944 | G60: ='ΚΑΤΑΧΩΡΗΣΗ-ΕΛΕΓΧΟΣ(2)'!H55 -> 32.283 | H60: ='ΚΑΤΑΧΩΡΗΣΗ-ΕΛΕΓΧΟΣ(2)'!I55 -> 15.67 | I60: ='ΚΑΤΑΧΩΡΗΣΗ-ΕΛΕΓΧΟΣ(2)'!J55 -> 6.022 | J60: ='ΚΑΤΑΧΩΡΗΣΗ-ΕΛΕΓΧΟΣ(2)'!K55 -> 19.801 | K60: ='ΚΑΤΑΧΩΡΗΣΗ-ΕΛΕΓΧΟΣ(2)'!L55 -> 9.517 | ... N60: ='ΚΑΤΑΧΩΡΗΣΗ-ΕΛΕΓΧΟΣ(2)'!O55 -> 35.414
B61: Απρίλη | C61: ='ΚΑΤΑΧΩΡΗΣΗ-ΕΛΕΓΧΟΣ(2)'!C56 -> 8.233 | D61: ='ΚΑΤΑΧΩΡΗΣΗ-ΕΛΕΓΧΟΣ(2)'!E56 -> 1.314 | E61: ='ΚΑΤΑΧΩΡΗΣΗ-ΕΛΕΓΧΟΣ(2)'!F56 -> 4.398 | F61: ='ΚΑΤΑΧΩΡΗΣΗ-ΕΛΕΓΧΟΣ(2)'!G56 -> 2.176 | G61: ='ΚΑΤΑΧΩΡΗΣΗ-ΕΛΕΓΧΟΣ(2)'!H56 -> 25.326 | H61: ='ΚΑΤΑΧΩΡΗΣΗ-ΕΛΕΓΧΟΣ(2)'!I56 -> 11.062 | I61: ='ΚΑΤΑΧΩΡΗΣΗ-ΕΛΕΓΧΟΣ(2)'!J56 -> 4.156 | J61: ='ΚΑΤΑΧΩΡΗΣΗ-ΕΛΕΓΧΟΣ(2)'!K56 -> 8.139 | K61: ='ΚΑΤΑΧΩΡΗΣΗ-ΕΛΕΓΧΟΣ(2)'!L56 -> 4.741 | ... N61: ='ΚΑΤΑΧΩΡΗΣΗ-ΕΛΕΓΧΟΣ(2)'!O56 -> 20.326
B62: Μάη | C62: ='ΚΑΤΑΧΩΡΗΣΗ-ΕΛΕΓΧΟΣ(2)'!C57 -> 3.137 | D62: ='ΚΑΤΑΧΩΡΗΣΗ-ΕΛΕΓΧΟΣ(2)'!E57 -> 0.961 | E62: ='ΚΑΤΑΧΩΡΗΣΗ-ΕΛΕΓΧΟΣ(2)'!F57 -> 1.78 | F62: ='ΚΑΤΑΧΩΡΗΣΗ-ΕΛΕΓΧΟΣ(2)'!G57 -> 2.802 | G62: ='ΚΑΤΑΧΩΡΗΣΗ-ΕΛΕΓΧΟΣ(2)'!H57 -> 8.869 | H62: ='ΚΑΤΑΧΩΡΗΣΗ-ΕΛΕΓΧΟΣ(2)'!I57 -> 7.317 | I62: ='ΚΑΤΑΧΩΡΗΣΗ-ΕΛΕΓΧΟΣ(2)'!J57 -> 0.899 | J62: ='ΚΑΤΑΧΩΡΗΣΗ-ΕΛΕΓΧΟΣ(2)'!K57 -> 3.44 | K62: ='ΚΑΤΑΧΩΡΗΣΗ-ΕΛΕΓΧΟΣ(2)'!L57 -> 2.728 | ... N62: ='ΚΑΤΑΧΩΡΗΣΗ-ΕΛΕΓΧΟΣ(2)'!O57 -> 0
B63: Ιούνη | C63: ='ΚΑΤΑΧΩΡΗΣΗ-ΕΛΕΓΧΟΣ(2)'!C58 -> 0.976 | D63: ='ΚΑΤΑΧΩΡΗΣΗ-ΕΛΕΓΧΟΣ(2)'!E58 -> 0.105 | E63: ='ΚΑΤΑΧΩΡΗΣΗ-ΕΛΕΓΧΟΣ(2)'!F58 -> 0.228 | F63: ='ΚΑΤΑΧΩΡΗΣΗ-ΕΛΕΓΧΟΣ(2)'!G58 -> 2.022 | G63: ='ΚΑΤΑΧΩΡΗΣΗ-ΕΛΕΓΧΟΣ(2)'!H58 -> 6.199 | H63: ='ΚΑΤΑΧΩΡΗΣΗ-ΕΛΕΓΧΟΣ(2)'!I58 -> 2.747 | I63: ='ΚΑΤΑΧΩΡΗΣΗ-ΕΛΕΓΧΟΣ(2)'!J58 -> 0.192 | J63: ='ΚΑΤΑΧΩΡΗΣΗ-ΕΛΕΓΧΟΣ(2)'!K58 -> 1.264 | K63: ='ΚΑΤΑΧΩΡΗΣΗ-ΕΛΕΓΧΟΣ(2)'!L58 -> 0.891 | ... N63: ='ΚΑΤΑΧΩΡΗΣΗ-ΕΛΕΓΧΟΣ(2)'!O58 -> 0
B64: Ιούλη | C64: ='ΚΑΤΑΧΩΡΗΣΗ-ΕΛΕΓΧΟΣ(2)'!C59 -> 0.091 | D64: ='ΚΑΤΑΧΩΡΗΣΗ-ΕΛΕΓΧΟΣ(2)'!E59 -> 0 | E64: ='ΚΑΤΑΧΩΡΗΣΗ-ΕΛΕΓΧΟΣ(2)'!F59 -> 0 | F64: ='ΚΑΤΑΧΩΡΗΣΗ-ΕΛΕΓΧΟΣ(2)'!G59 -> 0.05 | G64: ='ΚΑΤΑΧΩΡΗΣΗ-ΕΛΕΓΧΟΣ(2)'!H59 -> 1.524 | H64: ='ΚΑΤΑΧΩΡΗΣΗ-ΕΛΕΓΧΟΣ(2)'!I59 -> 0.866 | I64: ='ΚΑΤΑΧΩΡΗΣΗ-ΕΛΕΓΧΟΣ(2)'!J59 -> 0.024 | J64: ='ΚΑΤΑΧΩΡΗΣΗ-ΕΛΕΓΧΟΣ(2)'!K59 -> 0.093 | K64: ='ΚΑΤΑΧΩΡΗΣΗ-ΕΛΕΓΧΟΣ(2)'!L59 -> 0 | ... N64: ='ΚΑΤΑΧΩΡΗΣΗ-ΕΛΕΓΧΟΣ(2)'!O59 -> 0
B65: Αυγ.-Σεπτ. | C65: ='ΚΑΤΑΧΩΡΗΣΗ-ΕΛΕΓΧΟΣ(2)'!C60 -> 0.007 | D65: ='ΚΑΤΑΧΩΡΗΣΗ-ΕΛΕΓΧΟΣ(2)'!E60 -> 0.006 | E65: ='ΚΑΤΑΧΩΡΗΣΗ-ΕΛΕΓΧΟΣ(2)'!F60 -> 0 | F65: ='ΚΑΤΑΧΩΡΗΣΗ-ΕΛΕΓΧΟΣ(2)'!G60 -> 0.077 | G65: ='ΚΑΤΑΧΩΡΗΣΗ-ΕΛΕΓΧΟΣ(2)'!H60 -> 0.54209981 | H65: ='ΚΑΤΑΧΩΡΗΣΗ-ΕΛΕΓΧΟΣ(2)'!I60 -> 0.161 | I65: ='ΚΑΤΑΧΩΡΗΣΗ-ΕΛΕΓΧΟΣ(2)'!J60 -> 0.035 | J65: ='ΚΑΤΑΧΩΡΗΣΗ-ΕΛΕΓΧΟΣ(2)'!K60 -> 0.035 | K65: ='ΚΑΤΑΧΩΡΗΣΗ-ΕΛΕΓΧΟΣ(2)'!L60 -> 0.186 | ... N65: ='ΚΑΤΑΧΩΡΗΣΗ-ΕΛΕΓΧΟΣ(2)'!O60 -> 0
B66: ΟΛΙΚΟ | C66: =SUM(C55:C65) -> 116.352 | D66: =SUM(D55:D65) -> 17.907 | E66: =SUM(E55:E65) -> 48.889 | F66: =SUM(F55:F65) -> 44.897 | G66: =SUM(G55:G65) -> 265.0421 | H66: =SUM(H55:H65) -> 135.94916 | I66: =SUM(I55:I65) -> 36.098 | J66: =SUM(J55:J65) -> 153.753 | ... N66: =SUM(N55:N65) -> 94.809
B67: ΕΜΠΛΟΥΤΙΣΤΙΚΑ ΚΑΙ ΑΛΛΑ
B68: Ταμασός | D68: 2.8 | E68: ='DAILY-ELEV-STR(1)'!AY44 -> 0.001 | F68: 0 | G68: =SUM(E68:F68) -> 0.001 | H68: ='DAILY-ELEV-STR(1)'!AY46 -> 2.589 | I68: ='DAILY-ELEV-STR(1)'!AY61 -> 2.8 | J68: =I68/D68*100 -> 100 | K68: 1.004 | L68: =K68/D68*100 -> 35.857143 | M68: 1.069 | N68: 13/3
B69: Κλήρου-Μαλούντα | D69: 2 | E69: ='DAILY-ELEV-STR(1)'!BA44 -> 0.001 | F69: 0 | G69: =SUM(E69:F69) -> 0.001 | H69: ='DAILY-ELEV-STR(1)'!BA46 -> 1.068 | I69: ='DAILY-ELEV-STR(1)'!BA61 -> 2 | J69: =I69/D69*100 -> 100 | K69: 1.461 | L69: =K69/D69*100 -> 73.05 | M69: 1.473 | N69: 27/3
B70: Σολέα | D70: 4.454 | E70: ='DAILY-ELEV-STR(1)'!BC44 -> 0 | F70: 0 | G70: =SUM(E70:F70) -> 0 | H70: ='DAILY-ELEV-STR(1)'!BC46 -> 2.636 | I70: ='DAILY-ELEV-STR(1)'!BC61 -> 4.454132 | J70: =I70/D70*100 -> 100.00296 | K70: 2.897 | L70: =K70/D70*100 -> 65.042658 | M70: 3.012 | N70: 13/3
B71: ΙΣΤΟΣΕΛΙΔΑ ΤΑΥ www.moa.gov.cy/wdd

Sheet ΙΣΤΟΣΕΛΙΔΑ-GR(4)
B9: ΠΟΣΟΤΗΤΕΣ ΝΕΡΟΥ ΣΤΑ ΜΕΓΑΛΑ ΦΡΑΓΜΑΤΑ
L10: ='ΚΑΤΑΧΩΡΗΣΗ-ΕΛΕΓΧΟΣ(2)'!O12 -> 46135
F11: Εισροή | H11: Αποθηκευμένη Ποσότητα | L11: Μέγιστη
E12: Χωρητι- | F12: Νερού | H12: Σημερινή | J12: Αντίστοιχη Περσινή | L12: Ποσότητα
B13: Φράγματα | E13: κότητα | F13: Τελευτ. | G13: Συνολική | I13: Πληρό- | K13: Πληρό-
F14: ='ΚΑΤΑΧΩΡΗΣΗ-ΕΛΕΓΧΟΣ(2)'!F16 -> 24ώρου | G14: Απο 1/10 | H14: Ε.Κ.Μ. | I14: τητα | J14: Ε.Κ.Μ | K14: τητα | L14: ='ΚΑΤΑΧΩΡΗΣΗ-ΕΛΕΓΧΟΣ(2)'!N17 -> 2025
E15: Ε.Κ.Μ | F15: Ε.Κ.Μ | G15: ='ΚΑΤΑΧΩΡΗΣΗ-ΕΛΕΓΧΟΣ(2)'!N17 -> 2025 | I15: % | K15: % | L15: Ε.Κ.Μ | M15: Ημερομ.
B16: ΝΟΤΙΟΣ ΑΓΩΓΟΣ
B17: Κούρης | E17: 115 | F17: ='DAILY-ELEV-STR(1)'!D44 -> 0.12 | G17: ='DAILY-ELEV-STR(1)'!D46 -> 19.485 | H17: ='DAILY-ELEV-STR(1)'!D61 -> 41.867 | I17: =H17/E17*100 -> 36.406087 | J17: ='ΚΑΤΑΧΩΡΗΣΗ-ΕΛΕΓΧΟΣ(2)'!L22 -> 22.008 | K17: =J17/E17*100 -> 19.137391 | L17: ='ΕΙΣΡΟΕΣ-ΕΚΡΟΕΣ(3)'!M23 -> 25.538 | M17: ='ΕΙΣΡΟΕΣ-ΕΚΡΟΕΣ(3)'!N23 -> 7/1
B18: Καλαβασός | E18: 17.1 | F18: ='DAILY-ELEV-STR(1)'!H44 -> 0.033 | G18: ='DAILY-ELEV-STR(1)'!H46 -> 3.319 | H18: ='DAILY-ELEV-STR(1)'!H61 -> 3.572 | I18: =H18/E18*100 -> 20.888889 | J18: ='ΚΑΤΑΧΩΡΗΣΗ-ΕΛΕΓΧΟΣ(2)'!L26 -> 4.507 | K18: =J18/E18*100 -> 26.356725 | L18: ='ΕΙΣΡΟΕΣ-ΕΚΡΟΕΣ(3)'!M24 -> 4.726 | M18: ='ΕΙΣΡΟΕΣ-ΕΚΡΟΕΣ(3)'!N24 -> 28/3
B19: Λεύκαρα | E19: 13.85 | F19: ='DAILY-ELEV-STR(1)'!I44 -> 0.009 | G19: ='DAILY-ELEV-STR(1)'!I46 -> 1.515 | H19: ='DAILY-ELEV-STR(1)'!I61 -> 2.445 | I19: =H19/E19*100 -> 17.65343 | J19: ='ΚΑΤΑΧΩΡΗΣΗ-ΕΛΕΓΧΟΣ(2)'!L27 -> 3.287 | K19: =J19/E19*100 -> 23.732852 | L19: ='ΕΙΣΡΟΕΣ-ΕΚΡΟΕΣ(3)'!M25 -> 5.651 | M19: ='ΕΙΣΡΟΕΣ-ΕΚΡΟΕΣ(3)'!N25 -> 1/1
B20: Διπόταμος | E20: 15.5 | F20: ='DAILY-ELEV-STR(1)'!J44 -> 0.021 | G20: ='DAILY-ELEV-STR(1)'!J46 -> 3.157 | H20: ='DAILY-ELEV-STR(1)'!J61 -> 5.764 | I20: =H20/E20*100 -> 37.187097 | J20: ='ΚΑΤΑΧΩΡΗΣΗ-ΕΛΕΓΧΟΣ(2)'!L28 -> 5.78 | K20: =J20/E20*100 -> 37.290323 | L20: ='ΕΙΣΡΟΕΣ-ΕΚΡΟΕΣ(3)'!M26 -> 5.994 | M20: ='ΕΙΣΡΟΕΣ-ΕΚΡΟΕΣ(3)'!N26 -> 30/5
B21: Γερμασόγεια | E21: 13.5 | F21: ='DAILY-ELEV-STR(1)'!K44 -> 0.033 | G21: ='DAILY-ELEV-STR(1)'!K46 -> 7.513 | H21: ='DAILY-ELEV-STR(1)'!K61 -> 7.132 | I21: =H21/E21*100 -> 52.82963 | J21: ='ΚΑΤΑΧΩΡΗΣΗ-ΕΛΕΓΧΟΣ(2)'!L29 -> 3.381 | K21: =J21/E21*100 -> 25.044444 | L21: ='ΕΙΣΡΟΕΣ-ΕΚΡΟΕΣ(3)'!M27 -> 3.795 | M21: ='ΕΙΣΡΟΕΣ-ΕΚΡΟΕΣ(3)'!N27 -> 31/1
B22: Αρμίνου | E22: 4.3 | F22: ='DAILY-ELEV-STR(1)'!L44 -> 0.104 | G22: ='DAILY-ELEV-STR(1)'!L46 -> 17.135 | H22: ='DAILY-ELEV-STR(1)'!L61 -> 1.517 | I22: =H22/E22*100 -> 35.27907 | J22: ='ΚΑΤΑΧΩΡΗΣΗ-ΕΛΕΓΧΟΣ(2)'!L30 -> 2.636 | K22: =J22/E22*100 -> 61.302326 | L22: ='ΕΙΣΡΟΕΣ-ΕΚΡΟΕΣ(3)'!M28 -> 2.734 | M22: ='ΕΙΣΡΟΕΣ-ΕΚΡΟΕΣ(3)'!N28 -> 14/5
B23: Πολεμίδια | E23: 3.4 | F23: ='DAILY-ELEV-STR(1)'!N44 -> 0.005 | G23: ='DAILY-ELEV-STR(1)'!N46 -> 1.322 | H23: ='DAILY-ELEV-STR(1)'!N61 -> 1.948 | I23: =H23/E23*100 -> 57.294118 | J23: ='ΚΑΤΑΧΩΡΗΣΗ-ΕΛΕΓΧΟΣ(2)'!L31 -> 1.272 | K23: =J23/E23*100 -> 37.411765 | L23: ='ΕΙΣΡΟΕΣ-ΕΚΡΟΕΣ(3)'!M29 -> 1.393 | M23: ='ΕΙΣΡΟΕΣ-ΕΚΡΟΕΣ(3)'!N29 -> 21/2
B24: Αχνα | E24: 6.8 | F24: ='DAILY-ELEV-STR(1)'!M44 -> 0 | G24: ='DAILY-ELEV-STR(1)'!M46 -> 0 | H24: ='DAILY-ELEV-STR(1)'!M61 -> 0.149 | I24: =H24/E24*100 -> 2.1911765 | J24: ='ΚΑΤΑΧΩΡΗΣΗ-ΕΛΕΓΧΟΣ(2)'!L39 -> 1.119 | K24: =J24/E24*100 -> 16.455882 | L24: ='ΕΙΣΡΟΕΣ-ΕΚΡΟΕΣ(3)'!M30 -> 1.965 | M24: ='ΕΙΣΡΟΕΣ-ΕΚΡΟΕΣ(3)'!N30 -> 5/2
B25: ΟΛΙΚΟ | E25: =SUM(E17:E24) -> 189.45 | F25: =SUM(F17:F24) -> 0.325 | G25: =SUM(G17:G24) -> 53.446 | H25: =SUM(H17:H24) -> 64.394 | I25: =H25/E25*100 -> 33.989971 | J25: =SUM(J17:J24) -> 43.99 | K25: =J25/E25*100 -> 23.219847 | L25: ='ΕΙΣΡΟΕΣ-ΕΚΡΟΕΣ(3)'!M31 -> 48.934 | M25: ='ΕΙΣΡΟΕΣ-ΕΚΡΟΕΣ(3)'!N31 -> 29/1
B26: ΠΑΦΟΣ
B27: Ασπρόκρεμμος | E27: 52.375 | F27: ='DAILY-ELEV-STR(1)'!E44 -> 0.056 | G27: ='DAILY-ELEV-STR(1)'!E46 -> 17.938 | H27: ='DAILY-ELEV-STR(1)'!E61 -> 20.377 | I27: =H27/E27*100 -> 38.905967 | J27: ='ΚΑΤΑΧΩΡΗΣΗ-ΕΛΕΓΧΟΣ(2)'!L23 -> 12.514 | K27: =J27/E27*100 -> 23.893079 | L27: ='ΕΙΣΡΟΕΣ-ΕΚΡΟΕΣ(3)'!M33 -> 15.348 | M27: ='ΕΙΣΡΟΕΣ-ΕΚΡΟΕΣ(3)'!N33 -> 3/1
B28: Κανναβιού | E28: 17.168 | F28: ='DAILY-ELEV-STR(1)'!G44 -> 0.023 | G28: ='DAILY-ELEV-STR(1)'!G46 -> 8.32 | H28: ='DAILY-ELEV-STR(1)'!G61 -> 8.355 | I28: =H28/E28*100 -> 48.666123 | J28: ='ΚΑΤΑΧΩΡΗΣΗ-ΕΛΕΓΧΟΣ(2)'!L25 -> 4.321 | K28: =J28/E28*100 -> 25.168919 | L28: ='ΕΙΣΡΟΕΣ-ΕΚΡΟΕΣ(3)'!M34 -> 5.206 | M28: ='ΕΙΣΡΟΕΣ-ΕΚΡΟΕΣ(3)'!N34 -> 3/1
B29: Μαυροκόλυμπος | E29: 2.18 | F29: ='DAILY-ELEV-STR(1)'!O44 -> 0.001 | G29: ='DAILY-ELEV-STR(1)'!O46 -> 0.918 | H29: ='DAILY-ELEV-STR(1)'!O61 -> 1.974 | I29: =H29/E29*100 -> 90.550459 | J29: ='ΚΑΤΑΧΩΡΗΣΗ-ΕΛΕΓΧΟΣ(2)'!L32 -> 0 | K29: =J29/E29*100 -> 0 | L29: ='ΕΙΣΡΟΕΣ-ΕΚΡΟΕΣ(3)'!M35 -> 1.398 | M29: ='ΕΙΣΡΟΕΣ-ΕΚΡΟΕΣ(3)'!N35 -> 17/1
B30: ΟΛΙΚΟ | E30: =SUM(E27:E29) -> 71.723 | F30: =SUM(F27:F29) -> 0.08 | G30: =SUM(G27:G29) -> 27.176 | H30: =SUM(H27:H29) -> 30.706 | I30: =H30/E30*100 -> 42.811929 | J30: =SUM(J27:J29) -> 16.835 | K30: =J30/E30*100 -> 23.472247 | L30: ='ΕΙΣΡΟΕΣ-ΕΚΡΟΕΣ(3)'!M36 -> 21.739 | M30: ='ΕΙΣΡΟΕΣ-ΕΚΡΟΕΣ(3)'!N36 -> 3/1
B31: ΧΡΥΣΟΧΟΥ
B32: Ευρέτου | E32: 24 | F32: ='DAILY-ELEV-STR(1)'!F44 -> 0.041 | G32: ='DAILY-ELEV-STR(1)'!F46 -> 8.792 | H32: ='DAILY-ELEV-STR(1)'!F61 -> 10.887 | I32: =H32/E32*100 -> 45.3625 | J32: ='ΚΑΤΑΧΩΡΗΣΗ-ΕΛΕΓΧΟΣ(2)'!L24 -> 5.729 | K32: =J32/E32*100 -> 23.870833 | L32: ='ΕΙΣΡΟΕΣ-ΕΚΡΟΕΣ(3)'!M38 -> 6.201 | M32: ='ΕΙΣΡΟΕΣ-ΕΚΡΟΕΣ(3)'!N38 -> 7/3
B33: Αργάκα | E33: 0.99 | F33: ='DAILY-ELEV-STR(1)'!R44 -> 0 | G33: ='DAILY-ELEV-STR(1)'!R46 -> 1.001 | H33: ='DAILY-ELEV-STR(1)'!R61 -> 0.99 | I33: =H33/E33*100 -> 100 | J33: ='ΚΑΤΑΧΩΡΗΣΗ-ΕΛΕΓΧΟΣ(2)'!L35 -> 0.385 | K33: =J33/E33*100 -> 38.888889 | L33: ='ΕΙΣΡΟΕΣ-ΕΚΡΟΕΣ(3)'!M39 -> 0.391 | M33: ='ΕΙΣΡΟΕΣ-ΕΚΡΟΕΣ(3)'!N39 -> 17/4
B34: Πωμός | E34: 0.86 | F34: ='DAILY-ELEV-STR(1)'!S44 -> 0 | G34: ='DAILY-ELEV-STR(1)'!S46 -> 0.786 | H34: ='DAILY-ELEV-STR(1)'!S61 -> 0.86 | I34: =H34/E34*100 -> 100 | J34: ='ΚΑΤΑΧΩΡΗΣΗ-ΕΛΕΓΧΟΣ(2)'!L36 -> 0.378 | K34: =J34/E34*100 -> 43.953488 | L34: ='ΕΙΣΡΟΕΣ-ΕΚΡΟΕΣ(3)'!M40 -> 0.378 | M34: ='ΕΙΣΡΟΕΣ-ΕΚΡΟΕΣ(3)'!N40 -> 30/4
B35: Αγία Μαρίνα | E35: 0.298 | F35: ='DAILY-ELEV-STR(1)'!U44 -> 0 | G35: ='DAILY-ELEV-STR(1)'!U46 -> 0.243 | H35: ='DAILY-ELEV-STR(1)'!U61 -> 0.298 | I35: =H35/E35*100 -> 100 | J35: ='ΚΑΤΑΧΩΡΗΣΗ-ΕΛΕΓΧΟΣ(2)'!L38 -> 0.177 | K35: =J35/E35*100 -> 59.395973 | L35: ='ΕΙΣΡΟΕΣ-ΕΚΡΟΕΣ(3)'!M41 -> 0.177 | M35: ='ΕΙΣΡΟΕΣ-ΕΚΡΟΕΣ(3)'!N41 -> 30,4
B36: ΟΛΙΚΟ | E36: =SUM(E32:E35) -> 26.148 | F36: =SUM(F32:F35) -> 0.041 | G36: =SUM(G32:G35) -> 10.822 | H36: =SUM(H32:H35) -> 13.035 | I36: =H36/E36*100 -> 49.850849 | J36: =SUM(J32:J35) -> 6.669 | K36: =J36/E36*100 -> 25.504819 | L36: ='ΕΙΣΡΟΕΣ-ΕΚΡΟΕΣ(3)'!M42 -> 7.061 | M36: ='ΕΙΣΡΟΕΣ-ΕΚΡΟΕΣ(3)'!N42 -> 7/3
B37: ΛΕΥΚΩΣΙΑ
B38: Βυζακιά | E38: 1.69 | F38: ='DAILY-ELEV-STR(1)'!P44 -> 0.008 | G38: ='DAILY-ELEV-STR(1)'!P46 -> 1.636 | H38: ='DAILY-ELEV-STR(1)'!P61 -> 1.637 | I38: =H38/E38*100 -> 96.863905 | J38: ='ΚΑΤΑΧΩΡΗΣΗ-ΕΛΕΓΧΟΣ(2)'!L33 -> 0.048 | K38: =J38/E38*100 -> 2.8402367 | L38: ='ΕΙΣΡΟΕΣ-ΕΚΡΟΕΣ(3)'!M44 -> 0.051 | M38: ='ΕΙΣΡΟΕΣ-ΕΚΡΟΕΣ(3)'!N44 -> 11/1
B39: Ξυλιάτος | E39: 1.43 | F39: ='DAILY-ELEV-STR(1)'!Q44 -> 0.002 | G39: ='DAILY-ELEV-STR(1)'!Q46 -> 1.418 | H39: ='DAILY-ELEV-STR(1)'!Q61 -> 1.43 | I39: =H39/E39*100 -> 100 | J39: ='ΚΑΤΑΧΩΡΗΣΗ-ΕΛΕΓΧΟΣ(2)'!L34 -> 0.314 | K39: =J39/E39*100 -> 21.958042 | L39: ='ΕΙΣΡΟΕΣ-ΕΚΡΟΕΣ(3)'!M45 -> 0.335 | M39: ='ΕΙΣΡΟΕΣ-ΕΚΡΟΕΣ(3)'!N45 -> 24/3
B40: Καλοπαναγιώτης | E40: 0.363 | F40: ='DAILY-ELEV-STR(1)'!T44 -> 0 | G40: ='DAILY-ELEV-STR(1)'!T46 -> 0.311 | H40: ='DAILY-ELEV-STR(1)'!T61 -> 0.363 | I40: =H40/E40*100 -> 100 | J40: ='ΚΑΤΑΧΩΡΗΣΗ-ΕΛΕΓΧΟΣ(2)'!L37 -> 0.317 | K40: =J40/E40*100 -> 87.327824 | L40: ='ΕΙΣΡΟΕΣ-ΕΚΡΟΕΣ(3)'!M46 -> 0.32 | M40: ='ΕΙΣΡΟΕΣ-ΕΚΡΟΕΣ(3)'!N46 -> 18/4
B41: ΟΛΙΚΟ | E41: =SUM(E38:E40) -> 3.483 | F41: =SUM(F38:F40) -> 0.01 | G41: =SUM(G38:G40) -> 3.365 | H41: =SUM(H38:H40) -> 3.43 | I41: =H41/E41*100 -> 98.478323 | J41: =SUM(J38:J40) -> 0.679 | K41: =J41/E41*100 -> 19.494688 | L41: ='ΕΙΣΡΟΕΣ-ΕΚΡΟΕΣ(3)'!M47 -> 0.696 | M41: ='ΕΙΣΡΟΕΣ-ΕΚΡΟΕΣ(3)'!N47 -> 24/3
B43: ΓΕΝΙΚΟ ΣΥΝΟΛΟ | E43: =E25+E30+E36+E41 -> 290.804 | F43: =F25+F30+F36+F41 -> 0.456 | G43: =G25+G30+G36+G41 -> 94.809 | H43: =H25+H30+H36+H41 -> 111.565 | I43: =H43/E43 -> 0.38364328 | J43: =J25+J30+J36+J41 -> 68.173 | K43: =J43/E43 -> 0.23442938 | L43: ='ΕΙΣΡΟΕΣ-ΕΚΡΟΕΣ(3)'!M49 -> 77.383 | M43: ='ΕΙΣΡΟΕΣ-ΕΚΡΟΕΣ(3)'!N49 -> 15/1
B44: ='ΚΑΤΑΧΩΡΗΣΗ-ΕΛΕΓΧΟΣ(2)'!B42 -> * Ε.Σ.Ν.Α.(Ενιαίο Σχέδιο Νοτίου Αγωγού - Κούρης,Καλαβασός,Λεύκαρα,Διπόταμος,Γερμασόγεια,Πολεμίδια,Αρμίνου)
B45: ='ΕΙΣΡΟΕΣ-ΕΚΡΟΕΣ(3)'!B51 -> Μεταφορά νερού από Αρμίνου στο φράγμα Κούρη από 01/10/2025 - | J45: ='ΕΙΣΡΟΕΣ-ΕΚΡΟΕΣ(3)'!I51 -> 16.55 | K45: ='ΕΙΣΡΟΕΣ-ΕΚΡΟΕΣ(3)'!J51 -> Ε.Κ.Μ.
B46: Ε.Κ.Μ. - Εκατομμύρια Kυβικά Mέτρα.
B48: ΕΙΣΡΟΗ ΝΕΡΟΥ ΤΗΝ ΤΕΛΕΥΤΑΙΑ ΔΕΚΑΕΤΙΑ ( Ε.Κ.Μ. )
C49: ='ΚΑΤΑΧΩΡΗΣΗ-ΕΛΕΓΧΟΣ(2)'!E49 -> 15/16 | D49: ='ΚΑΤΑΧΩΡΗΣΗ-ΕΛΕΓΧΟΣ(2)'!F49 -> 16/17 | E49: ='ΚΑΤΑΧΩΡΗΣΗ-ΕΛΕΓΧΟΣ(2)'!G49 -> 17/18 | F49: ='ΚΑΤΑΧΩΡΗΣΗ-ΕΛΕΓΧΟΣ(2)'!H49 -> 18/19 | G49: ='ΚΑΤΑΧΩΡΗΣΗ-ΕΛΕΓΧΟΣ(2)'!I49 -> 19/20 | H49: ='ΚΑΤΑΧΩΡΗΣΗ-ΕΛΕΓΧΟΣ(2)'!J49 -> 20/21 | I49: ='ΚΑΤΑΧΩΡΗΣΗ-ΕΛΕΓΧΟΣ(2)'!K49 -> 21/22 | J49: ='ΚΑΤΑΧΩΡΗΣΗ-ΕΛΕΓΧΟΣ(2)'!L49 -> 22/23 | ... M49: ='ΚΑΤΑΧΩΡΗΣΗ-ΕΛΕΓΧΟΣ(2)'!O49 -> 25/26
B50: Οκτώβρη | C50: ='ΚΑΤΑΧΩΡΗΣΗ-ΕΛΕΓΧΟΣ(2)'!E50 -> 1.024 | D50: ='ΚΑΤΑΧΩΡΗΣΗ-ΕΛΕΓΧΟΣ(2)'!F50 -> 0.247 | E50: ='ΚΑΤΑΧΩΡΗΣΗ-ΕΛΕΓΧΟΣ(2)'!G50 -> 0.142 | F50: ='ΚΑΤΑΧΩΡΗΣΗ-ΕΛΕΓΧΟΣ(2)'!H50 -> 0.858 | G50: ='ΚΑΤΑΧΩΡΗΣΗ-ΕΛΕΓΧΟΣ(2)'!I50 -> 2.4298378 | H50: ='ΚΑΤΑΧΩΡΗΣΗ-ΕΛΕΓΧΟΣ(2)'!J50 -> 0.165 | I50: ='ΚΑΤΑΧΩΡΗΣΗ-ΕΛΕΓΧΟΣ(2)'!K50 -> 0.084 | J50: ='ΚΑΤΑΧΩΡΗΣΗ-ΕΛΕΓΧΟΣ(2)'!L50 -> 3.946 | ... M50: ='ΚΑΤΑΧΩΡΗΣΗ-ΕΛΕΓΧΟΣ(2)'!O50 -> 0.095
B51: Νιόβρη | C51: ='ΚΑΤΑΧΩΡΗΣΗ-ΕΛΕΓΧΟΣ(2)'!E51 -> 0.608 | D51: ='ΚΑΤΑΧΩΡΗΣΗ-ΕΛΕΓΧΟΣ(2)'!F51 -> 0.657 | E51: ='ΚΑΤΑΧΩΡΗΣΗ-ΕΛΕΓΧΟΣ(2)'!G51 -> 0.614 | F51: ='ΚΑΤΑΧΩΡΗΣΗ-ΕΛΕΓΧΟΣ(2)'!H51 -> 0.757 | G51: ='ΚΑΤΑΧΩΡΗΣΗ-ΕΛΕΓΧΟΣ(2)'!I51 -> 1.5453237 | H51: ='ΚΑΤΑΧΩΡΗΣΗ-ΕΛΕΓΧΟΣ(2)'!J51 -> 0.942 | I51: ='ΚΑΤΑΧΩΡΗΣΗ-ΕΛΕΓΧΟΣ(2)'!K51 -> 0.397 | J51: ='ΚΑΤΑΧΩΡΗΣΗ-ΕΛΕΓΧΟΣ(2)'!L51 -> 2.976 | ... M51: ='ΚΑΤΑΧΩΡΗΣΗ-ΕΛΕΓΧΟΣ(2)'!O51 -> 0.2
B52: Δεκέμβρη | C52: ='ΚΑΤΑΧΩΡΗΣΗ-ΕΛΕΓΧΟΣ(2)'!E52 -> 1.248 | D52: ='ΚΑΤΑΧΩΡΗΣΗ-ΕΛΕΓΧΟΣ(2)'!F52 -> 7.424 | E52: ='ΚΑΤΑΧΩΡΗΣΗ-ΕΛΕΓΧΟΣ(2)'!G52 -> 0.881 | F52: ='ΚΑΤΑΧΩΡΗΣΗ-ΕΛΕΓΧΟΣ(2)'!H52 -> 16.665 | G52: ='ΚΑΤΑΧΩΡΗΣΗ-ΕΛΕΓΧΟΣ(2)'!I52 -> 30.495 | H52: ='ΚΑΤΑΧΩΡΗΣΗ-ΕΛΕΓΧΟΣ(2)'!J52 -> 3.107 | I52: ='ΚΑΤΑΧΩΡΗΣΗ-ΕΛΕΓΧΟΣ(2)'!K52 -> 11.923 | J52: ='ΚΑΤΑΧΩΡΗΣΗ-ΕΛΕΓΧΟΣ(2)'!L52 -> 2.922 | ... M52: ='ΚΑΤΑΧΩΡΗΣΗ-ΕΛΕΓΧΟΣ(2)'!O52 -> 1.903
B53: Γενάρη | C53: ='ΚΑΤΑΧΩΡΗΣΗ-ΕΛΕΓΧΟΣ(2)'!E53 -> 3.685 | D53: ='ΚΑΤΑΧΩΡΗΣΗ-ΕΛΕΓΧΟΣ(2)'!F53 -> 21.083 | E53: ='ΚΑΤΑΧΩΡΗΣΗ-ΕΛΕΓΧΟΣ(2)'!G53 -> 20.661 | F53: ='ΚΑΤΑΧΩΡΗΣΗ-ΕΛΕΓΧΟΣ(2)'!H53 -> 118.11 | G53: ='ΚΑΤΑΧΩΡΗΣΗ-ΕΛΕΓΧΟΣ(2)'!I53 -> 47.74 | H53: ='ΚΑΤΑΧΩΡΗΣΗ-ΕΛΕΓΧΟΣ(2)'!J53 -> 12.54 | I53: ='ΚΑΤΑΧΩΡΗΣΗ-ΕΛΕΓΧΟΣ(2)'!K53 -> 74.614 | J53: ='ΚΑΤΑΧΩΡΗΣΗ-ΕΛΕΓΧΟΣ(2)'!L53 -> 8.268 | ... M53: ='ΚΑΤΑΧΩΡΗΣΗ-ΕΛΕΓΧΟΣ(2)'!O53 -> 12.67
B54: Φεβράρη | C54: ='ΚΑΤΑΧΩΡΗΣΗ-ΕΛΕΓΧΟΣ(2)'!E54 -> 2.824 | D54: ='ΚΑΤΑΧΩΡΗΣΗ-ΕΛΕΓΧΟΣ(2)'!F54 -> 4.181 | E54: ='ΚΑΤΑΧΩΡΗΣΗ-ΕΛΕΓΧΟΣ(2)'!G54 -> 9.528 | F54: ='ΚΑΤΑΧΩΡΗΣΗ-ΕΛΕΓΧΟΣ(2)'!H54 -> 53.909 | G54: ='ΚΑΤΑΧΩΡΗΣΗ-ΕΛΕΓΧΟΣ(2)'!I54 -> 15.916 | H54: ='ΚΑΤΑΧΩΡΗΣΗ-ΕΛΕΓΧΟΣ(2)'!J54 -> 8.016 | I54: ='ΚΑΤΑΧΩΡΗΣΗ-ΕΛΕΓΧΟΣ(2)'!K54 -> 33.963 | J54: ='ΚΑΤΑΧΩΡΗΣΗ-ΕΛΕΓΧΟΣ(2)'!L54 -> 12.603 | ... M54: ='ΚΑΤΑΧΩΡΗΣΗ-ΕΛΕΓΧΟΣ(2)'!O54 -> 24.201
B55: Μάρτη | C55: ='ΚΑΤΑΧΩΡΗΣΗ-ΕΛΕΓΧΟΣ(2)'!E55 -> 6.132 | D55: ='ΚΑΤΑΧΩΡΗΣΗ-ΕΛΕΓΧΟΣ(2)'!F55 -> 8.891 | E55: ='ΚΑΤΑΧΩΡΗΣΗ-ΕΛΕΓΧΟΣ(2)'!G55 -> 5.944 | F55: ='ΚΑΤΑΧΩΡΗΣΗ-ΕΛΕΓΧΟΣ(2)'!H55 -> 32.283 | G55: ='ΚΑΤΑΧΩΡΗΣΗ-ΕΛΕΓΧΟΣ(2)'!I55 -> 15.67 | H55: ='ΚΑΤΑΧΩΡΗΣΗ-ΕΛΕΓΧΟΣ(2)'!J55 -> 6.022 | I55: ='ΚΑΤΑΧΩΡΗΣΗ-ΕΛΕΓΧΟΣ(2)'!K55 -> 19.801 | J55: ='ΚΑΤΑΧΩΡΗΣΗ-ΕΛΕΓΧΟΣ(2)'!L55 -> 9.517 | ... M55: ='ΚΑΤΑΧΩΡΗΣΗ-ΕΛΕΓΧΟΣ(2)'!O55 -> 35.414
B56: Απρίλη | C56: ='ΚΑΤΑΧΩΡΗΣΗ-ΕΛΕΓΧΟΣ(2)'!E56 -> 1.314 | D56: ='ΚΑΤΑΧΩΡΗΣΗ-ΕΛΕΓΧΟΣ(2)'!F56 -> 4.398 | E56: ='ΚΑΤΑΧΩΡΗΣΗ-ΕΛΕΓΧΟΣ(2)'!G56 -> 2.176 | F56: ='ΚΑΤΑΧΩΡΗΣΗ-ΕΛΕΓΧΟΣ(2)'!H56 -> 25.326 | G56: ='ΚΑΤΑΧΩΡΗΣΗ-ΕΛΕΓΧΟΣ(2)'!I56 -> 11.062 | H56: ='ΚΑΤΑΧΩΡΗΣΗ-ΕΛΕΓΧΟΣ(2)'!J56 -> 4.156 | I56: ='ΚΑΤΑΧΩΡΗΣΗ-ΕΛΕΓΧΟΣ(2)'!K56 -> 8.139 | J56: ='ΚΑΤΑΧΩΡΗΣΗ-ΕΛΕΓΧΟΣ(2)'!L56 -> 4.741 | ... M56: ='ΚΑΤΑΧΩΡΗΣΗ-ΕΛΕΓΧΟΣ(2)'!O56 -> 20.326
B57: Μάη | C57: ='ΚΑΤΑΧΩΡΗΣΗ-ΕΛΕΓΧΟΣ(2)'!E57 -> 0.961 | D57: ='ΚΑΤΑΧΩΡΗΣΗ-ΕΛΕΓΧΟΣ(2)'!F57 -> 1.78 | E57: ='ΚΑΤΑΧΩΡΗΣΗ-ΕΛΕΓΧΟΣ(2)'!G57 -> 2.802 | F57: ='ΚΑΤΑΧΩΡΗΣΗ-ΕΛΕΓΧΟΣ(2)'!H57 -> 8.869 | G57: ='ΚΑΤΑΧΩΡΗΣΗ-ΕΛΕΓΧΟΣ(2)'!I57 -> 7.317 | H57: ='ΚΑΤΑΧΩΡΗΣΗ-ΕΛΕΓΧΟΣ(2)'!J57 -> 0.899 | I57: ='ΚΑΤΑΧΩΡΗΣΗ-ΕΛΕΓΧΟΣ(2)'!K57 -> 3.44 | J57: ='ΚΑΤΑΧΩΡΗΣΗ-ΕΛΕΓΧΟΣ(2)'!L57 -> 2.728 | ... M57: ='ΚΑΤΑΧΩΡΗΣΗ-ΕΛΕΓΧΟΣ(2)'!O57 -> 0
B58: Ιούνη | C58: ='ΚΑΤΑΧΩΡΗΣΗ-ΕΛΕΓΧΟΣ(2)'!E58 -> 0.105 | D58: ='ΚΑΤΑΧΩΡΗΣΗ-ΕΛΕΓΧΟΣ(2)'!F58 -> 0.228 | E58: ='ΚΑΤΑΧΩΡΗΣΗ-ΕΛΕΓΧΟΣ(2)'!G58 -> 2.022 | F58: ='ΚΑΤΑΧΩΡΗΣΗ-ΕΛΕΓΧΟΣ(2)'!H58 -> 6.199 | G58: ='ΚΑΤΑΧΩΡΗΣΗ-ΕΛΕΓΧΟΣ(2)'!I58 -> 2.747 | H58: ='ΚΑΤΑΧΩΡΗΣΗ-ΕΛΕΓΧΟΣ(2)'!J58 -> 0.192 | I58: ='ΚΑΤΑΧΩΡΗΣΗ-ΕΛΕΓΧΟΣ(2)'!K58 -> 1.264 | J58: ='ΚΑΤΑΧΩΡΗΣΗ-ΕΛΕΓΧΟΣ(2)'!L58 -> 0.891 | ... M58: ='ΚΑΤΑΧΩΡΗΣΗ-ΕΛΕΓΧΟΣ(2)'!O58 -> 0
B59: Ιούλη | C59: ='ΚΑΤΑΧΩΡΗΣΗ-ΕΛΕΓΧΟΣ(2)'!E59 -> 0 | D59: ='ΚΑΤΑΧΩΡΗΣΗ-ΕΛΕΓΧΟΣ(2)'!F59 -> 0 | E59: ='ΚΑΤΑΧΩΡΗΣΗ-ΕΛΕΓΧΟΣ(2)'!G59 -> 0.05 | F59: ='ΚΑΤΑΧΩΡΗΣΗ-ΕΛΕΓΧΟΣ(2)'!H59 -> 1.524 | G59: ='ΚΑΤΑΧΩΡΗΣΗ-ΕΛΕΓΧΟΣ(2)'!I59 -> 0.866 | H59: ='ΚΑΤΑΧΩΡΗΣΗ-ΕΛΕΓΧΟΣ(2)'!J59 -> 0.024 | I59: ='ΚΑΤΑΧΩΡΗΣΗ-ΕΛΕΓΧΟΣ(2)'!K59 -> 0.093 | J59: ='ΚΑΤΑΧΩΡΗΣΗ-ΕΛΕΓΧΟΣ(2)'!L59 -> 0 | ... M59: ='ΚΑΤΑΧΩΡΗΣΗ-ΕΛΕΓΧΟΣ(2)'!O59 -> 0
B60: Αυγ.-Σεπτ. | C60: ='ΚΑΤΑΧΩΡΗΣΗ-ΕΛΕΓΧΟΣ(2)'!E60 -> 0.006 | D60: ='ΚΑΤΑΧΩΡΗΣΗ-ΕΛΕΓΧΟΣ(2)'!F60 -> 0 | E60: ='ΚΑΤΑΧΩΡΗΣΗ-ΕΛΕΓΧΟΣ(2)'!G60 -> 0.077 | F60: ='ΚΑΤΑΧΩΡΗΣΗ-ΕΛΕΓΧΟΣ(2)'!H60 -> 0.54209981 | G60: ='ΚΑΤΑΧΩΡΗΣΗ-ΕΛΕΓΧΟΣ(2)'!I60 -> 0.161 | H60: ='ΚΑΤΑΧΩΡΗΣΗ-ΕΛΕΓΧΟΣ(2)'!J60 -> 0.035 | I60: ='ΚΑΤΑΧΩΡΗΣΗ-ΕΛΕΓΧΟΣ(2)'!K60 -> 0.035 | J60: ='ΚΑΤΑΧΩΡΗΣΗ-ΕΛΕΓΧΟΣ(2)'!L60 -> 0.186 | ... M60: ='ΚΑΤΑΧΩΡΗΣΗ-ΕΛΕΓΧΟΣ(2)'!O60 -> 0
B61: ΟΛΙΚΟ | C61: =SUM(C50:C60) -> 17.907 | D61: =SUM(D50:D60) -> 48.889 | E61: =SUM(E50:E60) -> 44.897 | F61: =SUM(F50:F60) -> 265.0421 | G61: =SUM(G50:G60) -> 135.94916 | H61: =SUM(H50:H60) -> 36.098 | I61: =SUM(I50:I60) -> 153.753 | J61: =SUM(J50:J60) -> 48.778 | ... M61: =SUM(M50:M60) -> 94.809
B62: ΕΜΠΛΟΥΤΙΣΤΙΚΑ ΚΑΙ ΑΛΛΑ
B63: Ταμασός | E63: 2.8 | F63: ='DAILY-ELEV-STR(1)'!AY44 -> 0.001 | G63: ='DAILY-ELEV-STR(1)'!AY46 -> 2.589 | H63: ='ΕΙΣΡΟΕΣ-ΕΚΡΟΕΣ(3)'!I68 -> 2.8 | I63: =H63/E63*100 -> 100 | J63: ='ΕΙΣΡΟΕΣ-ΕΚΡΟΕΣ(3)'!K68 -> 1.004 | K63: =J63/E63*100 -> 35.857143 | L63: ='ΕΙΣΡΟΕΣ-ΕΚΡΟΕΣ(3)'!M68 -> 1.069 | M63: ='ΕΙΣΡΟΕΣ-ΕΚΡΟΕΣ(3)'!N68 -> 13/3
B64: Κλήρου-Μαλούντα | E64: 2 | F64: ='DAILY-ELEV-STR(1)'!BA44 -> 0.001 | G64: ='DAILY-ELEV-STR(1)'!BA46 -> 1.068 | H64: ='ΕΙΣΡΟΕΣ-ΕΚΡΟΕΣ(3)'!I69 -> 2 | I64: =H64/E64*100 -> 100 | J64: ='ΕΙΣΡΟΕΣ-ΕΚΡΟΕΣ(3)'!K69 -> 1.461 | K64: =J64/E64*100 -> 73.05 | L64: ='ΕΙΣΡΟΕΣ-ΕΚΡΟΕΣ(3)'!M69 -> 1.473 | M64: ='ΕΙΣΡΟΕΣ-ΕΚΡΟΕΣ(3)'!N69 -> 27/3
B65: Σολέα | E65: 4.454 | F65: ='DAILY-ELEV-STR(1)'!BC44 -> 0 | G65: ='DAILY-ELEV-STR(1)'!BC46 -> 2.636 | H65: ='ΕΙΣΡΟΕΣ-ΕΚΡΟΕΣ(3)'!I70 -> 4.454132 | I65: =H65/E65*100 -> 100.00296 | J65: ='ΕΙΣΡΟΕΣ-ΕΚΡΟΕΣ(3)'!K70 -> 2.897 | K65: =J65/E65*100 -> 65.042658 | L65: ='ΕΙΣΡΟΕΣ-ΕΚΡΟΕΣ(3)'!M70 -> 3.012 | M65: ='ΕΙΣΡΟΕΣ-ΕΚΡΟΕΣ(3)'!N70 -> 13/3
B66: ΙΣΤΟΣΕΛΙΔΑ ΤΑΥ www.moa.gov.cy/wdd

Sheet ΙΣΤΟΣΕΛΙΔΑ-UK(5)
B9: STORAGE OF RESERVOIRS
L10: ='ΚΑΤΑΧΩΡΗΣΗ-ΕΛΕΓΧΟΣ(2)'!O12 -> 46135
F11: INFLOW | H11: STORAGE | L11: Maximum
E12: Capacity | H12: Today | J12: Last year | L12: Storage
B13: Reservoir | F13: Last | G13: Total
F14: 24 hours | G14: since | H14: MCM | I14: % | J14: MCM | K14: % | L14: ='ΚΑΤΑΧΩΡΗΣΗ-ΕΛΕΓΧΟΣ(2)'!N17 -> 2025
E15: MCM | F15: MCM | G15: ='ΚΑΤΑΧΩΡΗΣΗ-ΕΛΕΓΧΟΣ(2)'!I21 -> 1/10/2025 | L15: MCM | M15: Date
B16: SOUTHERN CONVEYOR
B17: Kouris | E17: 115 | F17: ='DAILY-ELEV-STR(1)'!D44 -> 0.12 | G17: ='DAILY-ELEV-STR(1)'!D46 -> 19.485 | H17: ='DAILY-ELEV-STR(1)'!D61 -> 41.867 | I17: =H17/E17*100 -> 36.406087 | J17: ='ΚΑΤΑΧΩΡΗΣΗ-ΕΛΕΓΧΟΣ(2)'!L22 -> 22.008 | K17: =J17/E17*100 -> 19.137391 | L17: ='ΕΙΣΡΟΕΣ-ΕΚΡΟΕΣ(3)'!M23 -> 25.538 | M17: ='ΕΙΣΡΟΕΣ-ΕΚΡΟΕΣ(3)'!N23 -> 7/1
B18: Kalavasos | E18: 17.1 | F18: ='DAILY-ELEV-STR(1)'!H44 -> 0.033 | G18: ='DAILY-ELEV-STR(1)'!H46 -> 3.319 | H18: ='DAILY-ELEV-STR(1)'!H61 -> 3.572 | I18: =H18/E18*100 -> 20.888889 | J18: ='ΚΑΤΑΧΩΡΗΣΗ-ΕΛΕΓΧΟΣ(2)'!L26 -> 4.507 | K18: =J18/E18*100 -> 26.356725 | L18: ='ΕΙΣΡΟΕΣ-ΕΚΡΟΕΣ(3)'!M24 -> 4.726 | M18: ='ΕΙΣΡΟΕΣ-ΕΚΡΟΕΣ(3)'!N24 -> 28/3
B19: Lefkara | E19: 13.85 | F19: ='DAILY-ELEV-STR(1)'!I44 -> 0.009 | G19: ='DAILY-ELEV-STR(1)'!I46 -> 1.515 | H19: ='DAILY-ELEV-STR(1)'!I61 -> 2.445 | I19: =H19/E19*100 -> 17.65343 | J19: ='ΚΑΤΑΧΩΡΗΣΗ-ΕΛΕΓΧΟΣ(2)'!L27 -> 3.287 | K19: =J19/E19*100 -> 23.732852 | L19: ='ΕΙΣΡΟΕΣ-ΕΚΡΟΕΣ(3)'!M25 -> 5.651 | M19: ='ΕΙΣΡΟΕΣ-ΕΚΡΟΕΣ(3)'!N25 -> 1/1
B20: Dipotamos | E20: 15.5 | F20: ='DAILY-ELEV-STR(1)'!J44 -> 0.021 | G20: ='DAILY-ELEV-STR(1)'!J46 -> 3.157 | H20: ='DAILY-ELEV-STR(1)'!J61 -> 5.764 | I20: =H20/E20*100 -> 37.187097 | J20: ='ΚΑΤΑΧΩΡΗΣΗ-ΕΛΕΓΧΟΣ(2)'!L28 -> 5.78 | K20: =J20/E20*100 -> 37.290323 | L20: ='ΕΙΣΡΟΕΣ-ΕΚΡΟΕΣ(3)'!M26 -> 5.994 | M20: ='ΕΙΣΡΟΕΣ-ΕΚΡΟΕΣ(3)'!N26 -> 30/5
B21: Germasoyeia | E21: 13.5 | F21: ='DAILY-ELEV-STR(1)'!K44 -> 0.033 | G21: ='DAILY-ELEV-STR(1)'!K46 -> 7.513 | H21: ='DAILY-ELEV-STR(1)'!K61 -> 7.132 | I21: =H21/E21*100 -> 52.82963 | J21: ='ΚΑΤΑΧΩΡΗΣΗ-ΕΛΕΓΧΟΣ(2)'!L29 -> 3.381 | K21: =J21/E21*100 -> 25.044444 | L21: ='ΕΙΣΡΟΕΣ-ΕΚΡΟΕΣ(3)'!M27 -> 3.795 | M21: ='ΕΙΣΡΟΕΣ-ΕΚΡΟΕΣ(3)'!N27 -> 31/1
B22: Arminou | E22: 4.3 | F22: ='DAILY-ELEV-STR(1)'!L44 -> 0.104 | G22: ='DAILY-ELEV-STR(1)'!L46 -> 17.135 | H22: ='DAILY-ELEV-STR(1)'!L61 -> 1.517 | I22: =H22/E22*100 -> 35.27907 | J22: ='ΚΑΤΑΧΩΡΗΣΗ-ΕΛΕΓΧΟΣ(2)'!L30 -> 2.636 | K22: =J22/E22*100 -> 61.302326 | L22: ='ΕΙΣΡΟΕΣ-ΕΚΡΟΕΣ(3)'!M28 -> 2.734 | M22: ='ΕΙΣΡΟΕΣ-ΕΚΡΟΕΣ(3)'!N28 -> 14/5
B23: Polemidia | E23: 3.4 | F23: ='DAILY-ELEV-STR(1)'!N44 -> 0.005 | G23: ='DAILY-ELEV-STR(1)'!N46 -> 1.322 | H23: ='DAILY-ELEV-STR(1)'!N61 -> 1.948 | I23: =H23/E23*100 -> 57.294118 | J23: ='ΚΑΤΑΧΩΡΗΣΗ-ΕΛΕΓΧΟΣ(2)'!L31 -> 1.272 | K23: =J23/E23*100 -> 37.411765 | L23: ='ΕΙΣΡΟΕΣ-ΕΚΡΟΕΣ(3)'!M29 -> 1.393 | M23: ='ΕΙΣΡΟΕΣ-ΕΚΡΟΕΣ(3)'!N29 -> 21/2
B24: Achna | E24: 6.8 | F24: ='DAILY-ELEV-STR(1)'!M44 -> 0 | G24: 0 | H24: ='DAILY-ELEV-STR(1)'!M61 -> 0.149 | I24: =H24/E24*100 -> 2.1911765 | J24: ='ΚΑΤΑΧΩΡΗΣΗ-ΕΛΕΓΧΟΣ(2)'!L39 -> 1.119 | K24: =J24/E24*100 -> 16.455882 | L24: ='ΕΙΣΡΟΕΣ-ΕΚΡΟΕΣ(3)'!M30 -> 1.965 | M24: ='ΕΙΣΡΟΕΣ-ΕΚΡΟΕΣ(3)'!N30 -> 5/2
B25: TOTAL | E25: 189.45 | F25: =SUM(F17:F24) -> 0.325 | G25: =SUM(G17:G24) -> 53.446 | H25: =SUM(H17:H24) -> 64.394 | I25: =H25/E25*100 -> 33.989971 | J25: =SUM(J17:J24) -> 43.99 | K25: =J25/E25*100 -> 23.219847 | L25: ='ΕΙΣΡΟΕΣ-ΕΚΡΟΕΣ(3)'!M31 -> 48.934 | M25: ='ΕΙΣΡΟΕΣ-ΕΚΡΟΕΣ(3)'!N31 -> 29/1
B26: PAFOS
B27: Asprokremmos | E27: 52.375 | F27: ='DAILY-ELEV-STR(1)'!E44 -> 0.056 | G27: ='DAILY-ELEV-STR(1)'!E46 -> 17.938 | H27: ='DAILY-ELEV-STR(1)'!E61 -> 20.377 | I27: =H27/E27*100 -> 38.905967 | J27: ='ΚΑΤΑΧΩΡΗΣΗ-ΕΛΕΓΧΟΣ(2)'!L23 -> 12.514 | K27: =J27/E27*100 -> 23.893079 | L27: ='ΕΙΣΡΟΕΣ-ΕΚΡΟΕΣ(3)'!M33 -> 15.348 | M27: ='ΕΙΣΡΟΕΣ-ΕΚΡΟΕΣ(3)'!N33 -> 3/1
B28: Kannaviou | E28: 17.168 | F28: ='DAILY-ELEV-STR(1)'!G44 -> 0.023 | G28: ='DAILY-ELEV-STR(1)'!G46 -> 8.32 | H28: ='DAILY-ELEV-STR(1)'!G61 -> 8.355 | I28: =H28/E28*100 -> 48.666123 | J28: ='ΚΑΤΑΧΩΡΗΣΗ-ΕΛΕΓΧΟΣ(2)'!L25 -> 4.321 | K28: =J28/E28*100 -> 25.168919 | L28: ='ΕΙΣΡΟΕΣ-ΕΚΡΟΕΣ(3)'!M34 -> 5.206 | M28: ='ΕΙΣΡΟΕΣ-ΕΚΡΟΕΣ(3)'!N34 -> 3/1
B29: Mavrokolympos | E29: 2.18 | F29: ='DAILY-ELEV-STR(1)'!O44 -> 0.001 | G29: ='DAILY-ELEV-STR(1)'!O46 -> 0.918 | H29: ='DAILY-ELEV-STR(1)'!O61 -> 1.974 | I29: =H29/E29*100 -> 90.550459 | J29: ='ΚΑΤΑΧΩΡΗΣΗ-ΕΛΕΓΧΟΣ(2)'!L32 -> 0 | K29: =J29/E29*100 -> 0 | L29: ='ΕΙΣΡΟΕΣ-ΕΚΡΟΕΣ(3)'!M35 -> 1.398 | M29: ='ΕΙΣΡΟΕΣ-ΕΚΡΟΕΣ(3)'!N35 -> 17/1
B30: TOTAL | E30: 71.723 | F30: =SUM(F27:F29) -> 0.08 | G30: =SUM(G27:G29) -> 27.176 | H30: =SUM(H27:H29) -> 30.706 | I30: =H30/E30*100 -> 42.811929 | J30: =SUM(J27:J29) -> 16.835 | K30: =J30/E30*100 -> 23.472247 | L30: ='ΕΙΣΡΟΕΣ-ΕΚΡΟΕΣ(3)'!M36 -> 21.739 | M30: ='ΕΙΣΡΟΕΣ-ΕΚΡΟΕΣ(3)'!N36 -> 3/1
B31: CHRYSOCHOU
B32: Evretou | E32: 24 | F32: ='DAILY-ELEV-STR(1)'!F44 -> 0.041 | G32: ='DAILY-ELEV-STR(1)'!F46 -> 8.792 | H32: ='DAILY-ELEV-STR(1)'!F61 -> 10.887 | I32: =H32/E32*100 -> 45.3625 | J32: ='ΚΑΤΑΧΩΡΗΣΗ-ΕΛΕΓΧΟΣ(2)'!L24 -> 5.729 | K32: =J32/E32*100 -> 23.870833 | L32: ='ΕΙΣΡΟΕΣ-ΕΚΡΟΕΣ(3)'!M38 -> 6.201 | M32: ='ΕΙΣΡΟΕΣ-ΕΚΡΟΕΣ(3)'!N38 -> 7/3
B33: Argaka | E33: 0.99 | F33: ='DAILY-ELEV-STR(1)'!R44 -> 0 | G33: ='DAILY-ELEV-STR(1)'!R46 -> 1.001 | H33: ='DAILY-ELEV-STR(1)'!R61 -> 0.99 | I33: =H33/E33*100 -> 100 | J33: ='ΚΑΤΑΧΩΡΗΣΗ-ΕΛΕΓΧΟΣ(2)'!L35 -> 0.385 | K33: =J33/E33*100 -> 38.888889 | L33: ='ΕΙΣΡΟΕΣ-ΕΚΡΟΕΣ(3)'!M39 -> 0.391 | M33: ='ΕΙΣΡΟΕΣ-ΕΚΡΟΕΣ(3)'!N39 -> 17/4
B34: Pomos | E34: 0.86 | F34: ='DAILY-ELEV-STR(1)'!S44 -> 0 | G34: ='DAILY-ELEV-STR(1)'!S46 -> 0.786 | H34: ='DAILY-ELEV-STR(1)'!S61 -> 0.86 | I34: =H34/E34*100 -> 100 | J34: ='ΚΑΤΑΧΩΡΗΣΗ-ΕΛΕΓΧΟΣ(2)'!L36 -> 0.378 | K34: =J34/E34*100 -> 43.953488 | L34: ='ΕΙΣΡΟΕΣ-ΕΚΡΟΕΣ(3)'!M40 -> 0.378 | M34: ='ΕΙΣΡΟΕΣ-ΕΚΡΟΕΣ(3)'!N40 -> 30/4
B35: Agia Marina | E35: 0.298 | F35: ='DAILY-ELEV-STR(1)'!U44 -> 0 | G35: ='DAILY-ELEV-STR(1)'!U46 -> 0.243 | H35: ='DAILY-ELEV-STR(1)'!U61 -> 0.298 | I35: =H35/E35*100 -> 100 | J35: ='ΚΑΤΑΧΩΡΗΣΗ-ΕΛΕΓΧΟΣ(2)'!L38 -> 0.177 | K35: =J35/E35*100 -> 59.395973 | L35: ='ΕΙΣΡΟΕΣ-ΕΚΡΟΕΣ(3)'!M41 -> 0.177 | M35: ='ΕΙΣΡΟΕΣ-ΕΚΡΟΕΣ(3)'!N41 -> 30,4
B36: TOTAL | E36: 26.148 | F36: =SUM(F32:F35) -> 0.041 | G36: =SUM(G32:G35) -> 10.822 | H36: =SUM(H32:H35) -> 13.035 | I36: =H36/E36*100 -> 49.850849 | J36: =SUM(J32:J35) -> 6.669 | K36: =J36/E36*100 -> 25.504819 | L36: ='ΕΙΣΡΟΕΣ-ΕΚΡΟΕΣ(3)'!M42 -> 7.061 | M36: ='ΕΙΣΡΟΕΣ-ΕΚΡΟΕΣ(3)'!N42 -> 7/3
B37: NICOSIA
B38: Vyzakia | E38: 1.69 | F38: ='DAILY-ELEV-STR(1)'!P44 -> 0.008 | G38: ='DAILY-ELEV-STR(1)'!P46 -> 1.636 | H38: ='DAILY-ELEV-STR(1)'!P61 -> 1.637 | I38: =H38/E38*100 -> 96.863905 | J38: ='ΚΑΤΑΧΩΡΗΣΗ-ΕΛΕΓΧΟΣ(2)'!L33 -> 0.048 | K38: =J38/E38*100 -> 2.8402367 | L38: ='ΕΙΣΡΟΕΣ-ΕΚΡΟΕΣ(3)'!M44 -> 0.051 | M38: ='ΕΙΣΡΟΕΣ-ΕΚΡΟΕΣ(3)'!N44 -> 11/1
B39: Xyliatos | E39: 1.43 | F39: ='DAILY-ELEV-STR(1)'!Q44 -> 0.002 | G39: ='DAILY-ELEV-STR(1)'!Q46 -> 1.418 | H39: ='DAILY-ELEV-STR(1)'!Q61 -> 1.43 | I39: =H39/E39*100 -> 100 | J39: ='ΚΑΤΑΧΩΡΗΣΗ-ΕΛΕΓΧΟΣ(2)'!L34 -> 0.314 | K39: =J39/E39*100 -> 21.958042 | L39: ='ΕΙΣΡΟΕΣ-ΕΚΡΟΕΣ(3)'!M45 -> 0.335 | M39: ='ΕΙΣΡΟΕΣ-ΕΚΡΟΕΣ(3)'!N45 -> 24/3
B40: Kalopanagiotis | E40: 0.363 | F40: ='DAILY-ELEV-STR(1)'!T44 -> 0 | G40: ='DAILY-ELEV-STR(1)'!T46 -> 0.311 | H40: ='DAILY-ELEV-STR(1)'!T61 -> 0.363 | I40: =H40/E40*100 -> 100 | J40: ='ΚΑΤΑΧΩΡΗΣΗ-ΕΛΕΓΧΟΣ(2)'!L37 -> 0.317 | K40: =J40/E40*100 -> 87.327824 | L40: ='ΕΙΣΡΟΕΣ-ΕΚΡΟΕΣ(3)'!M46 -> 0.32 | M40: ='ΕΙΣΡΟΕΣ-ΕΚΡΟΕΣ(3)'!N46 -> 18/4
B41: TOTAL | E41: 3.483 | F41: =SUM(F38:F40) -> 0.01 | G41: =SUM(G38:G40) -> 3.365 | H41: =SUM(H38:H40) -> 3.43 | I41: =H41/E41*100 -> 98.478323 | J41: =SUM(J38:J40) -> 0.679 | K41: =J41/E41*100 -> 19.494688 | L41: ='ΕΙΣΡΟΕΣ-ΕΚΡΟΕΣ(3)'!M47 -> 0.696 | M41: ='ΕΙΣΡΟΕΣ-ΕΚΡΟΕΣ(3)'!N47 -> 24/3
B43: GRAND TOTAL | E43: 290.804 | F43: =F25+F30+F36+F41 -> 0.456 | G43: =G25+G30+G36+G41 -> 94.809 | H43: =H25+H30+H36+H41 -> 111.565 | I43: =H43/E43*100 -> 38.364328 | J43: =J25+J30+J36+J41 -> 68.173 | K43: =J43/E43*100 -> 23.442938 | L43: ='ΕΙΣΡΟΕΣ-ΕΚΡΟΕΣ(3)'!M49 -> 77.383 | M43: ='ΕΙΣΡΟΕΣ-ΕΚΡΟΕΣ(3)'!N49 -> 15/1
B44: ΟΛΙΚΟ Ν.Α. & Β.Π. | E44: 71.05 | F44: 0.072 | G44: 6.666 | H44: 28.377 | I44: 0.39939479 | J44: 39.504 | K44: 0.55600281 | L44: 42.415
B45: Water transferred from Arminou to Kouris dam since 1/10/2025 - | J45: ='ΙΣΤΟΣΕΛΙΔΑ-GR(4)'!J45 -> 16.55 | K45: MCM
B48: INFLOW FOR THE LAST TEN YEARS ( MCM )
C49: ='ΚΑΤΑΧΩΡΗΣΗ-ΕΛΕΓΧΟΣ(2)'!E49 -> 15/16 | D49: ='ΚΑΤΑΧΩΡΗΣΗ-ΕΛΕΓΧΟΣ(2)'!F49 -> 16/17 | E49: ='ΚΑΤΑΧΩΡΗΣΗ-ΕΛΕΓΧΟΣ(2)'!G49 -> 17/18 | F49: ='ΚΑΤΑΧΩΡΗΣΗ-ΕΛΕΓΧΟΣ(2)'!H49 -> 18/19 | G49: ='ΚΑΤΑΧΩΡΗΣΗ-ΕΛΕΓΧΟΣ(2)'!I49 -> 19/20 | H49: ='ΚΑΤΑΧΩΡΗΣΗ-ΕΛΕΓΧΟΣ(2)'!J49 -> 20/21 | I49: ='ΚΑΤΑΧΩΡΗΣΗ-ΕΛΕΓΧΟΣ(2)'!K49 -> 21/22 | J49: ='ΚΑΤΑΧΩΡΗΣΗ-ΕΛΕΓΧΟΣ(2)'!L49 -> 22/23 | ... M49: ='ΚΑΤΑΧΩΡΗΣΗ-ΕΛΕΓΧΟΣ(2)'!O49 -> 25/26
B50: October | C50: ='ΚΑΤΑΧΩΡΗΣΗ-ΕΛΕΓΧΟΣ(2)'!E50 -> 1.024 | D50: ='ΚΑΤΑΧΩΡΗΣΗ-ΕΛΕΓΧΟΣ(2)'!F50 -> 0.247 | E50: ='ΚΑΤΑΧΩΡΗΣΗ-ΕΛΕΓΧΟΣ(2)'!G50 -> 0.142 | F50: ='ΚΑΤΑΧΩΡΗΣΗ-ΕΛΕΓΧΟΣ(2)'!H50 -> 0.858 | G50: ='ΚΑΤΑΧΩΡΗΣΗ-ΕΛΕΓΧΟΣ(2)'!I50 -> 2.4298378 | H50: ='ΚΑΤΑΧΩΡΗΣΗ-ΕΛΕΓΧΟΣ(2)'!J50 -> 0.165 | I50: ='ΚΑΤΑΧΩΡΗΣΗ-ΕΛΕΓΧΟΣ(2)'!K50 -> 0.084 | J50: ='ΚΑΤΑΧΩΡΗΣΗ-ΕΛΕΓΧΟΣ(2)'!L50 -> 3.946 | ... M50: ='ΚΑΤΑΧΩΡΗΣΗ-ΕΛΕΓΧΟΣ(2)'!O50 -> 0.095
B51: November | C51: ='ΚΑΤΑΧΩΡΗΣΗ-ΕΛΕΓΧΟΣ(2)'!E51 -> 0.608 | D51: ='ΚΑΤΑΧΩΡΗΣΗ-ΕΛΕΓΧΟΣ(2)'!F51 -> 0.657 | E51: ='ΚΑΤΑΧΩΡΗΣΗ-ΕΛΕΓΧΟΣ(2)'!G51 -> 0.614 | F51: ='ΚΑΤΑΧΩΡΗΣΗ-ΕΛΕΓΧΟΣ(2)'!H51 -> 0.757 | G51: ='ΚΑΤΑΧΩΡΗΣΗ-ΕΛΕΓΧΟΣ(2)'!I51 -> 1.5453237 | H51: ='ΚΑΤΑΧΩΡΗΣΗ-ΕΛΕΓΧΟΣ(2)'!J51 -> 0.942 | I51: ='ΚΑΤΑΧΩΡΗΣΗ-ΕΛΕΓΧΟΣ(2)'!K51 -> 0.397 | J51: ='ΚΑΤΑΧΩΡΗΣΗ-ΕΛΕΓΧΟΣ(2)'!L51 -> 2.976 | ... M51: ='ΚΑΤΑΧΩΡΗΣΗ-ΕΛΕΓΧΟΣ(2)'!O51 -> 0.2
B52: December | C52: ='ΚΑΤΑΧΩΡΗΣΗ-ΕΛΕΓΧΟΣ(2)'!E52 -> 1.248 | D52: ='ΚΑΤΑΧΩΡΗΣΗ-ΕΛΕΓΧΟΣ(2)'!F52 -> 7.424 | E52: ='ΚΑΤΑΧΩΡΗΣΗ-ΕΛΕΓΧΟΣ(2)'!G52 -> 0.881 | F52: ='ΚΑΤΑΧΩΡΗΣΗ-ΕΛΕΓΧΟΣ(2)'!H52 -> 16.665 | G52: ='ΚΑΤΑΧΩΡΗΣΗ-ΕΛΕΓΧΟΣ(2)'!I52 -> 30.495 | H52: ='ΚΑΤΑΧΩΡΗΣΗ-ΕΛΕΓΧΟΣ(2)'!J52 -> 3.107 | I52: ='ΚΑΤΑΧΩΡΗΣΗ-ΕΛΕΓΧΟΣ(2)'!K52 -> 11.923 | J52: ='ΚΑΤΑΧΩΡΗΣΗ-ΕΛΕΓΧΟΣ(2)'!L52 -> 2.922 | ... M52: ='ΚΑΤΑΧΩΡΗΣΗ-ΕΛΕΓΧΟΣ(2)'!O52 -> 1.903
B53: January | C53: ='ΚΑΤΑΧΩΡΗΣΗ-ΕΛΕΓΧΟΣ(2)'!E53 -> 3.685 | D53: ='ΚΑΤΑΧΩΡΗΣΗ-ΕΛΕΓΧΟΣ(2)'!F53 -> 21.083 | E53: ='ΚΑΤΑΧΩΡΗΣΗ-ΕΛΕΓΧΟΣ(2)'!G53 -> 20.661 | F53: ='ΚΑΤΑΧΩΡΗΣΗ-ΕΛΕΓΧΟΣ(2)'!H53 -> 118.11 | G53: ='ΚΑΤΑΧΩΡΗΣΗ-ΕΛΕΓΧΟΣ(2)'!I53 -> 47.74 | H53: ='ΚΑΤΑΧΩΡΗΣΗ-ΕΛΕΓΧΟΣ(2)'!J53 -> 12.54 | I53: ='ΚΑΤΑΧΩΡΗΣΗ-ΕΛΕΓΧΟΣ(2)'!K53 -> 74.614 | J53: ='ΚΑΤΑΧΩΡΗΣΗ-ΕΛΕΓΧΟΣ(2)'!L53 -> 8.268 | ... M53: ='ΚΑΤΑΧΩΡΗΣΗ-ΕΛΕΓΧΟΣ(2)'!O53 -> 12.67
B54: February | C54: ='ΚΑΤΑΧΩΡΗΣΗ-ΕΛΕΓΧΟΣ(2)'!E54 -> 2.824 | D54: ='ΚΑΤΑΧΩΡΗΣΗ-ΕΛΕΓΧΟΣ(2)'!F54 -> 4.181 | E54: ='ΚΑΤΑΧΩΡΗΣΗ-ΕΛΕΓΧΟΣ(2)'!G54 -> 9.528 | F54: ='ΚΑΤΑΧΩΡΗΣΗ-ΕΛΕΓΧΟΣ(2)'!H54 -> 53.909 | G54: ='ΚΑΤΑΧΩΡΗΣΗ-ΕΛΕΓΧΟΣ(2)'!I54 -> 15.916 | H54: ='ΚΑΤΑΧΩΡΗΣΗ-ΕΛΕΓΧΟΣ(2)'!J54 -> 8.016 | I54: ='ΚΑΤΑΧΩΡΗΣΗ-ΕΛΕΓΧΟΣ(2)'!K54 -> 33.963 | J54: ='ΚΑΤΑΧΩΡΗΣΗ-ΕΛΕΓΧΟΣ(2)'!L54 -> 12.603 | ... M54: ='ΚΑΤΑΧΩΡΗΣΗ-ΕΛΕΓΧΟΣ(2)'!O54 -> 24.201
B55: March | C55: ='ΚΑΤΑΧΩΡΗΣΗ-ΕΛΕΓΧΟΣ(2)'!E55 -> 6.132 | D55: ='ΚΑΤΑΧΩΡΗΣΗ-ΕΛΕΓΧΟΣ(2)'!F55 -> 8.891 | E55: ='ΚΑΤΑΧΩΡΗΣΗ-ΕΛΕΓΧΟΣ(2)'!G55 -> 5.944 | F55: ='ΚΑΤΑΧΩΡΗΣΗ-ΕΛΕΓΧΟΣ(2)'!H55 -> 32.283 | G55: ='ΚΑΤΑΧΩΡΗΣΗ-ΕΛΕΓΧΟΣ(2)'!I55 -> 15.67 | H55: ='ΚΑΤΑΧΩΡΗΣΗ-ΕΛΕΓΧΟΣ(2)'!J55 -> 6.022 | I55: ='ΚΑΤΑΧΩΡΗΣΗ-ΕΛΕΓΧΟΣ(2)'!K55 -> 19.801 | J55: ='ΚΑΤΑΧΩΡΗΣΗ-ΕΛΕΓΧΟΣ(2)'!L55 -> 9.517 | ... M55: ='ΚΑΤΑΧΩΡΗΣΗ-ΕΛΕΓΧΟΣ(2)'!O55 -> 35.414
B56: April | C56: ='ΚΑΤΑΧΩΡΗΣΗ-ΕΛΕΓΧΟΣ(2)'!E56 -> 1.314 | D56: ='ΚΑΤΑΧΩΡΗΣΗ-ΕΛΕΓΧΟΣ(2)'!F56 -> 4.398 | E56: ='ΚΑΤΑΧΩΡΗΣΗ-ΕΛΕΓΧΟΣ(2)'!G56 -> 2.176 | F56: ='ΚΑΤΑΧΩΡΗΣΗ-ΕΛΕΓΧΟΣ(2)'!H56 -> 25.326 | G56: ='ΚΑΤΑΧΩΡΗΣΗ-ΕΛΕΓΧΟΣ(2)'!I56 -> 11.062 | H56: ='ΚΑΤΑΧΩΡΗΣΗ-ΕΛΕΓΧΟΣ(2)'!J56 -> 4.156 | I56: ='ΚΑΤΑΧΩΡΗΣΗ-ΕΛΕΓΧΟΣ(2)'!K56 -> 8.139 | J56: ='ΚΑΤΑΧΩΡΗΣΗ-ΕΛΕΓΧΟΣ(2)'!L56 -> 4.741 | ... M56: ='ΚΑΤΑΧΩΡΗΣΗ-ΕΛΕΓΧΟΣ(2)'!O56 -> 20.326
B57: May | C57: ='ΚΑΤΑΧΩΡΗΣΗ-ΕΛΕΓΧΟΣ(2)'!E57 -> 0.961 | D57: ='ΚΑΤΑΧΩΡΗΣΗ-ΕΛΕΓΧΟΣ(2)'!F57 -> 1.78 | E57: ='ΚΑΤΑΧΩΡΗΣΗ-ΕΛΕΓΧΟΣ(2)'!G57 -> 2.802 | F57: ='ΚΑΤΑΧΩΡΗΣΗ-ΕΛΕΓΧΟΣ(2)'!H57 -> 8.869 | G57: ='ΚΑΤΑΧΩΡΗΣΗ-ΕΛΕΓΧΟΣ(2)'!I57 -> 7.317 | H57: ='ΚΑΤΑΧΩΡΗΣΗ-ΕΛΕΓΧΟΣ(2)'!J57 -> 0.899 | I57: ='ΚΑΤΑΧΩΡΗΣΗ-ΕΛΕΓΧΟΣ(2)'!K57 -> 3.44 | J57: ='ΚΑΤΑΧΩΡΗΣΗ-ΕΛΕΓΧΟΣ(2)'!L57 -> 2.728 | ... M57: ='ΚΑΤΑΧΩΡΗΣΗ-ΕΛΕΓΧΟΣ(2)'!O57 -> 0
B58: June | C58: ='ΚΑΤΑΧΩΡΗΣΗ-ΕΛΕΓΧΟΣ(2)'!E58 -> 0.105 | D58: ='ΚΑΤΑΧΩΡΗΣΗ-ΕΛΕΓΧΟΣ(2)'!F58 -> 0.228 | E58: ='ΚΑΤΑΧΩΡΗΣΗ-ΕΛΕΓΧΟΣ(2)'!G58 -> 2.022 | F58: ='ΚΑΤΑΧΩΡΗΣΗ-ΕΛΕΓΧΟΣ(2)'!H58 -> 6.199 | G58: ='ΚΑΤΑΧΩΡΗΣΗ-ΕΛΕΓΧΟΣ(2)'!I58 -> 2.747 | H58: ='ΚΑΤΑΧΩΡΗΣΗ-ΕΛΕΓΧΟΣ(2)'!J58 -> 0.192 | I58: ='ΚΑΤΑΧΩΡΗΣΗ-ΕΛΕΓΧΟΣ(2)'!K58 -> 1.264 | J58: ='ΚΑΤΑΧΩΡΗΣΗ-ΕΛΕΓΧΟΣ(2)'!L58 -> 0.891 | ... M58: ='ΚΑΤΑΧΩΡΗΣΗ-ΕΛΕΓΧΟΣ(2)'!O58 -> 0
B59: July | C59: ='ΚΑΤΑΧΩΡΗΣΗ-ΕΛΕΓΧΟΣ(2)'!E59 -> 0 | D59: ='ΚΑΤΑΧΩΡΗΣΗ-ΕΛΕΓΧΟΣ(2)'!F59 -> 0 | E59: ='ΚΑΤΑΧΩΡΗΣΗ-ΕΛΕΓΧΟΣ(2)'!G59 -> 0.05 | F59: ='ΚΑΤΑΧΩΡΗΣΗ-ΕΛΕΓΧΟΣ(2)'!H59 -> 1.524 | G59: ='ΚΑΤΑΧΩΡΗΣΗ-ΕΛΕΓΧΟΣ(2)'!I59 -> 0.866 | H59: ='ΚΑΤΑΧΩΡΗΣΗ-ΕΛΕΓΧΟΣ(2)'!J59 -> 0.024 | I59: ='ΚΑΤΑΧΩΡΗΣΗ-ΕΛΕΓΧΟΣ(2)'!K59 -> 0.093 | J59: ='ΚΑΤΑΧΩΡΗΣΗ-ΕΛΕΓΧΟΣ(2)'!L59 -> 0 | ... M59: ='ΚΑΤΑΧΩΡΗΣΗ-ΕΛΕΓΧΟΣ(2)'!O59 -> 0
B60: Aug-Sep. | C60: ='ΚΑΤΑΧΩΡΗΣΗ-ΕΛΕΓΧΟΣ(2)'!E60 -> 0.006 | D60: ='ΚΑΤΑΧΩΡΗΣΗ-ΕΛΕΓΧΟΣ(2)'!F60 -> 0 | E60: ='ΚΑΤΑΧΩΡΗΣΗ-ΕΛΕΓΧΟΣ(2)'!G60 -> 0.077 | F60: ='ΚΑΤΑΧΩΡΗΣΗ-ΕΛΕΓΧΟΣ(2)'!H60 -> 0.54209981 | G60: ='ΚΑΤΑΧΩΡΗΣΗ-ΕΛΕΓΧΟΣ(2)'!I60 -> 0.161 | H60: ='ΚΑΤΑΧΩΡΗΣΗ-ΕΛΕΓΧΟΣ(2)'!J60 -> 0.035 | I60: ='ΚΑΤΑΧΩΡΗΣΗ-ΕΛΕΓΧΟΣ(2)'!K60 -> 0.035 | J60: ='ΚΑΤΑΧΩΡΗΣΗ-ΕΛΕΓΧΟΣ(2)'!L60 -> 0.186 | ... M60: ='ΚΑΤΑΧΩΡΗΣΗ-ΕΛΕΓΧΟΣ(2)'!O60 -> 0
B61: TOTAL | C61: =SUM(C50:C60) -> 17.907 | D61: =SUM(D50:D60) -> 48.889 | E61: =SUM(E50:E60) -> 44.897 | F61: =SUM(F50:F60) -> 265.0421 | G61: =SUM(G50:G60) -> 135.94916 | H61: =SUM(H50:H60) -> 36.098 | I61: =SUM(I50:I60) -> 153.753 | J61: =SUM(J50:J60) -> 48.778 | ... M61: =SUM(M50:M60) -> 94.809
B62: RECHARGE/OTHER
B63: Tamassos | E63: 2.8 | F63: ='ΙΣΤΟΣΕΛΙΔΑ-GR(4)'!F63 -> 0.001 | G63: ='ΕΙΣΡΟΕΣ-ΕΚΡΟΕΣ(3)'!H68 -> 2.589 | H63: ='ΕΙΣΡΟΕΣ-ΕΚΡΟΕΣ(3)'!I68 -> 2.8 | I63: =H63/E63*100 -> 100 | J63: ='ΕΙΣΡΟΕΣ-ΕΚΡΟΕΣ(3)'!K68 -> 1.004 | K63: =J63/E63*100 -> 35.857143 | L63: 1.069 | M63: 45729
B64: Klirou-Malounta | E64: 2 | F64: ='ΙΣΤΟΣΕΛΙΔΑ-GR(4)'!F64 -> 0.001 | G64: ='ΕΙΣΡΟΕΣ-ΕΚΡΟΕΣ(3)'!H69 -> 1.068 | H64: ='ΕΙΣΡΟΕΣ-ΕΚΡΟΕΣ(3)'!I69 -> 2 | I64: =H64/E64*100 -> 100 | J64: ='ΕΙΣΡΟΕΣ-ΕΚΡΟΕΣ(3)'!K69 -> 1.461 | K64: =J64/E64*100 -> 73.05 | L64: 1.473 | M64: 45743
B65: Solea | E65: 4.454 | F65: ='ΙΣΤΟΣΕΛΙΔΑ-GR(4)'!F65 -> 0 | G65: ='ΕΙΣΡΟΕΣ-ΕΚΡΟΕΣ(3)'!H70 -> 2.636 | H65: ='ΕΙΣΡΟΕΣ-ΕΚΡΟΕΣ(3)'!I70 -> 4.454132 | I65: =H65/E65*100 -> 100.00296 | J65: ='ΕΙΣΡΟΕΣ-ΕΚΡΟΕΣ(3)'!K70 -> 2.897 | K65: =J65/E65*100 -> 65.042658 | L65: 3.012 | M65: 45729
B66: WEB PAGE WDD- www.moa.gov.cy/wdd
